Entity,Code,Year,Share of the population that was born in another country
Afghanistan,AFG,1990,0.47889447
Afghanistan,AFG,1995,0.41909462
Afghanistan,AFG,2000,0.3771275
Afghanistan,AFG,2005,0.3577773
Afghanistan,AFG,2010,0.3616026
Afghanistan,AFG,2015,1.0032939
Afghanistan,AFG,2020,0.3688297
Afghanistan,AFG,2024,0.2300487
Africa,,1990,2.5128212
Africa,,1995,2.2729368
Africa,,2000,1.8557024
Africa,,2005,1.7614838
Africa,,2010,1.655656
Africa,,2015,1.8592234
Africa,,2020,1.8298789
Africa,,2024,1.9259226
Albania,ALB,1990,2.0138402
Albania,ALB,1995,2.1897357
Albania,ALB,2000,2.4223442
Albania,ALB,2005,2.10454
Albania,ALB,2010,1.8022878
Albania,ALB,2015,1.7950191
Albania,ALB,2020,1.6995398
Albania,ALB,2024,1.6612072
Algeria,DZA,1990,1.0795872
Algeria,DZA,1995,0.9203732
Algeria,DZA,2000,0.8093155
Algeria,DZA,2005,0.59719867
Algeria,DZA,2010,0.6003829
Algeria,DZA,2015,0.59839034
Algeria,DZA,2020,0.56849706
Algeria,DZA,2024,0.554228
American Samoa,ASM,1990,45.632504
American Samoa,ASM,1995,44.15093
American Samoa,ASM,2000,43.816727
American Samoa,ASM,2005,42.801632
American Samoa,ASM,2010,42.650467
American Samoa,ASM,2015,44.466507
American Samoa,ASM,2020,47.442776
American Samoa,ASM,2024,50.644714
Andorra,AND,1990,73.94148
Andorra,AND,1995,69.16698
Andorra,AND,2000,64.16534
Andorra,AND,2005,64.96687
Andorra,AND,2010,64.49706
Andorra,AND,2015,58.558483
Andorra,AND,2020,58.896355
Andorra,AND,2024,59.078815
Angola,AGO,1990,0.28828454
Angola,AGO,1995,0.29061055
Angola,AGO,2000,0.28470746
Angola,AGO,2005,0.32310653
Angola,AGO,2010,1.4439559
Angola,AGO,2015,2.2451258
Angola,AGO,2020,1.962367
Angola,AGO,2024,1.7856456
Anguilla,AIA,1990,30.59888
Anguilla,AIA,1995,34.14659
Anguilla,AIA,2000,36.351437
Anguilla,AIA,2005,38.183746
Anguilla,AIA,2010,38.23904
Anguilla,AIA,2015,38.501057
Anguilla,AIA,2020,38.503
Anguilla,AIA,2024,40.5398
Antigua and Barbuda,ATG,1990,19.07367
Antigua and Barbuda,ATG,1995,25.73729
Antigua and Barbuda,ATG,2000,30.797468
Antigua and Barbuda,ATG,2005,31.077364
Antigua and Barbuda,ATG,2010,30.9564
Antigua and Barbuda,ATG,2015,31.408472
Antigua and Barbuda,ATG,2020,31.994862
Antigua and Barbuda,ATG,2024,32.496906
Argentina,ARG,1990,5.0309563
Argentina,ARG,1995,4.5328174
Argentina,ARG,2000,4.1485777
Argentina,ARG,2005,4.18586
Argentina,ARG,2010,4.358772
Argentina,ARG,2015,4.2703323
Argentina,ARG,2020,4.231491
Argentina,ARG,2024,4.2849092
Armenia,ARM,1990,12.205107
Armenia,ARM,1995,18.806553
Armenia,ARM,2000,18.819962
Armenia,ARM,2005,15.860157
Armenia,ARM,2010,7.1943836
Armenia,ARM,2015,6.5349
Armenia,ARM,2020,7.165228
Armenia,ARM,2024,9.235366
Aruba,ABW,1990,22.417084
Aruba,ABW,1995,29.33955
Aruba,ABW,2000,33.9158
Aruba,ABW,2005,34.532528
Aruba,ABW,2010,34.28891
Aruba,ABW,2015,34.663673
Aruba,ABW,2020,49.90037
Aruba,ABW,2024,68.00844
Asia,,1990,1.4539077
Asia,,1995,1.2842467
Asia,,2000,1.2695566
Asia,,2005,1.28873
Asia,,2010,1.5134797
Asia,,2015,1.7441233
Asia,,2020,1.802382
Asia,,2024,1.9137963
Australia,AUS,1990,23.306269
Australia,AUS,1995,23.296854
Australia,AUS,2000,22.944485
Australia,AUS,2005,24.050474
Australia,AUS,2010,26.555475
Australia,AUS,2015,28.115314
Australia,AUS,2020,29.540522
Australia,AUS,2024,30.364773
Austria,AUT,1990,8.252397
Austria,AUT,1995,9.619208
Austria,AUT,2000,11.482008
Austria,AUT,2005,14.267491
Austria,AUT,2010,15.369897
Austria,AUT,2015,17.821367
Austria,AUT,2020,19.96374
Austria,AUT,2024,25.513779
Azerbaijan,AZE,1990,5.5617857
Azerbaijan,AZE,1995,7.627808
Azerbaijan,AZE,2000,6.4040585
Azerbaijan,AZE,2005,3.5118446
Azerbaijan,AZE,2010,2.7486727
Azerbaijan,AZE,2015,2.30022
Azerbaijan,AZE,2020,1.9534402
Azerbaijan,AZE,2024,2.1134655
Bahamas,BHS,1990,9.732012
Bahamas,BHS,1995,10.500197
Bahamas,BHS,2000,11.256968
Bahamas,BHS,2005,13.239836
Bahamas,BHS,2010,14.8974905
Bahamas,BHS,2015,15.373457
Bahamas,BHS,2020,16.06187
Bahamas,BHS,2024,16.767467
Bahrain,BHR,1990,34.377045
Bahrain,BHR,1995,36.043507
Bahrain,BHR,2000,35.682613
Bahrain,BHR,2005,41.56008
Bahrain,BHR,2010,52.998985
Bahrain,BHR,2015,52.68061
Bahrain,BHR,2020,52.996777
Bahrain,BHR,2024,52.282288
Bangladesh,BGD,1990,0.7897408
Bangladesh,BGD,1995,0.7624243
Bangladesh,BGD,2000,0.73422134
Bangladesh,BGD,2005,0.7340388
Bangladesh,BGD,2010,0.8840529
Bangladesh,BGD,2015,0.8923018
Bangladesh,BGD,2020,1.2720584
Bangladesh,BGD,2024,1.6745209
Barbados,BRB,1990,9.290669
Barbados,BRB,1995,10.00767
Barbados,BRB,2000,10.846247
Barbados,BRB,2005,11.396843
Barbados,BRB,2010,11.925825
Barbados,BRB,2015,12.357074
Barbados,BRB,2020,12.37815
Barbados,BRB,2024,12.45703
Belarus,BLR,1990,12.261388
Belarus,BLR,1995,11.633109
Belarus,BLR,2000,11.245629
Belarus,BLR,2005,11.4501505
Belarus,BLR,2010,11.488847
Belarus,BLR,2015,11.414268
Belarus,BLR,2020,11.411575
Belarus,BLR,2024,11.644467
Belgium,BEL,1990,9.480404
Belgium,BEL,1995,9.902414
Belgium,BEL,2000,10.502397
Belgium,BEL,2005,11.865307
Belgium,BEL,2010,14.333845
Belgium,BEL,2015,16.09663
Belgium,BEL,2020,17.73792
Belgium,BEL,2024,20.010899
Belize,BLZ,1990,16.607311
Belize,BLZ,1995,16.383373
Belize,BLZ,2000,15.152886
Belize,BLZ,2005,14.813518
Belize,BLZ,2010,14.485785
Belize,BLZ,2015,15.326956
Belize,BLZ,2020,15.875408
Belize,BLZ,2024,16.473415
Benin,BEN,1990,1.4532104
Benin,BEN,1995,1.6975566
Benin,BEN,2000,1.8646096
Benin,BEN,2005,2.9470181
Benin,BEN,2010,3.1561675
Benin,BEN,2015,3.2241378
Benin,BEN,2020,3.01661
Benin,BEN,2024,2.8915854
Bermuda,BMU,1990,27.246824
Bermuda,BMU,1995,28.014648
Bermuda,BMU,2000,28.731113
Bermuda,BMU,2005,28.875317
Bermuda,BMU,2010,29.104748
Bermuda,BMU,2015,30.27228
Bermuda,BMU,2020,30.659191
Bermuda,BMU,2024,31.207067
Bhutan,BTN,1990,4.039967
Bhutan,BTN,1995,5.104482
Bhutan,BTN,2000,5.384318
Bhutan,BTN,2005,6.085682
Bhutan,BTN,2010,6.9010534
Bhutan,BTN,2015,6.9004536
Bhutan,BTN,2020,6.962543
Bhutan,BTN,2024,7.037689
Bolivia,BOL,1990,1.0344534
Bolivia,BOL,1995,1.0616056
Bolivia,BOL,2000,1.0766267
Bolivia,BOL,2005,1.1510291
Bolivia,BOL,2010,1.2064608
Bolivia,BOL,2015,1.2983371
Bolivia,BOL,2020,1.3889375
Bolivia,BOL,2024,1.4761086
Bonaire Sint Eustatius and Saba,BES,1990,100
Bonaire Sint Eustatius and Saba,BES,1995,99.9926
Bonaire Sint Eustatius and Saba,BES,2000,100
Bonaire Sint Eustatius and Saba,BES,2005,100
Bonaire Sint Eustatius and Saba,BES,2010,100.00487
Bonaire Sint Eustatius and Saba,BES,2015,100
Bonaire Sint Eustatius and Saba,BES,2020,100.00378
Bonaire Sint Eustatius and Saba,BES,2024,100.00326
Bosnia and Herzegovina,BIH,1990,1.2588083
Bosnia and Herzegovina,BIH,1995,1.8698642
Bosnia and Herzegovina,BIH,2000,1.9941483
Bosnia and Herzegovina,BIH,2005,1.1543288
Bosnia and Herzegovina,BIH,2010,1.0217837
Bosnia and Herzegovina,BIH,2015,1.0969603
Bosnia and Herzegovina,BIH,2020,1.0923973
Bosnia and Herzegovina,BIH,2024,1.0782956
Botswana,BWA,1990,2.1069224
Botswana,BWA,1995,2.6799464
Botswana,BWA,2000,4.4673185
Botswana,BWA,2005,4.601449
Botswana,BWA,2010,4.6659036
Botswana,BWA,2015,4.677269
Botswana,BWA,2020,4.6607327
Botswana,BWA,2024,4.61704
Brazil,BRA,1990,0.5385548
Brazil,BRA,1995,0.45297658
Brazil,BRA,2000,0.39499414
Brazil,BRA,2005,0.34708732
Brazil,BRA,2010,0.3081327
Brazil,BRA,2015,0.32058427
Brazil,BRA,2020,0.50266546
Brazil,BRA,2024,0.663353
British Virgin Islands,VGB,1990,51.16531
British Virgin Islands,VGB,1995,56.31166
British Virgin Islands,VGB,2000,64.01858
British Virgin Islands,VGB,2005,63.452354
British Virgin Islands,VGB,2010,61.701897
British Virgin Islands,VGB,2015,56.626472
British Virgin Islands,VGB,2020,59.684933
British Virgin Islands,VGB,2024,62.12156
Brunei,BRN,1990,28.673048
Brunei,BRN,1995,29.103521
Brunei,BRN,2000,29.500282
Brunei,BRN,2005,27.427309
Brunei,BRN,2010,25.638235
Brunei,BRN,2015,24.332088
Brunei,BRN,2020,25.02414
Brunei,BRN,2024,25.919075
Bulgaria,BGR,1990,0.24381217
Bulgaria,BGR,1995,0.3880911
Bulgaria,BGR,2000,0.54196477
Bulgaria,BGR,2005,0.79367906
Bulgaria,BGR,2010,1.0256939
Bulgaria,BGR,2015,1.7248722
Bulgaria,BGR,2020,2.6589596
Bulgaria,BGR,2024,4.4260693
Burkina Faso,BFA,1990,3.81743
Burkina Faso,BFA,1995,4.468243
Burkina Faso,BFA,2000,4.3634315
Burkina Faso,BFA,2005,4.289784
Burkina Faso,BFA,2010,4.169246
Burkina Faso,BFA,2015,3.7527704
Burkina Faso,BFA,2020,3.3707316
Burkina Faso,BFA,2024,3.1416488
Burundi,BDI,1990,5.962178
Burundi,BDI,1995,4.2011166
Burundi,BDI,2000,1.9416419
Burundi,BDI,2005,2.540746
Burundi,BDI,2010,2.6376843
Burundi,BDI,2015,2.7001297
Burundi,BDI,2020,2.7325513
Burundi,BDI,2024,2.7556014
Cambodia,KHM,1990,0.5203565
Cambodia,KHM,1995,0.9205972
Cambodia,KHM,2000,1.172212
Cambodia,KHM,2005,0.848979
Cambodia,KHM,2010,0.565682
Cambodia,KHM,2015,0.4734098
Cambodia,KHM,2020,0.4743722
Cambodia,KHM,2024,0.47579765
Cameroon,CMR,1990,2.347081
Cameroon,CMR,1995,1.8745698
Cameroon,CMR,2000,1.5238223
Cameroon,CMR,2005,1.5549594
Cameroon,CMR,2010,1.4819658
Cameroon,CMR,2015,2.2331712
Cameroon,CMR,2020,2.2098308
Cameroon,CMR,2024,2.207642
Canada,CAN,1990,15.297378
Canada,CAN,1995,16.476175
Canada,CAN,2000,17.88631
Canada,CAN,2005,18.763699
Canada,CAN,2010,20.572044
Canada,CAN,2015,22.384243
Canada,CAN,2020,21.82991
Canada,CAN,2024,22.157274
Cape Verde,CPV,1990,2.3788848
Cape Verde,CPV,1995,2.3867269
Cape Verde,CPV,2000,2.4325142
Cape Verde,CPV,2005,2.617936
Cape Verde,CPV,2010,2.8194294
Cape Verde,CPV,2015,2.9126024
Cape Verde,CPV,2020,3.067543
Cape Verde,CPV,2024,3.1464515
Cayman Islands,CYM,1990,35.8283
Cayman Islands,CYM,1995,38.68308
Cayman Islands,CYM,2000,48.333923
Cayman Islands,CYM,2005,44.19723
Cayman Islands,CYM,2010,44.47772
Cayman Islands,CYM,2015,42.49213
Cayman Islands,CYM,2020,42.57469
Cayman Islands,CYM,2024,42.890526
Central African Republic,CAF,1990,2.34109
Central African Republic,CAF,1995,2.9782095
Central African Republic,CAF,2000,3.2224262
Central African Republic,CAF,2005,2.2479196
Central African Republic,CAF,2010,2.1073916
Central African Republic,CAF,2015,1.7619866
Central African Republic,CAF,2020,1.7615387
Central African Republic,CAF,2024,1.7738042
Central America (UN),,1990,1.6368983
Central America (UN),,1995,1.0489383
Central America (UN),,2000,0.81129265
Central America (UN),,2005,0.93914264
Central America (UN),,2010,1.1089971
Central America (UN),,2015,1.1536621
Central America (UN),,2020,1.3798693
Central America (UN),,2024,1.7014779
Central Asia (UN),,1990,12.296645
Central Asia (UN),,1995,9.014023
Central Asia (UN),,2000,7.2057858
Central Asia (UN),,2005,6.681098
Central Asia (UN),,2010,5.9234114
Central Asia (UN),,2015,5.404479
Central Asia (UN),,2020,5.000843
Central Asia (UN),,2024,4.755336
Central and Southern Asia (UN),,1990,2.0347006
Central and Southern Asia (UN),,1995,1.4470038
Central and Southern Asia (UN),,2000,1.2365968
Central and Southern Asia (UN),,2005,1.0497105
Central and Southern Asia (UN),,2010,1.0048251
Central and Southern Asia (UN),,2015,0.9106857
Central and Southern Asia (UN),,2020,0.86103785
Central and Southern Asia (UN),,2024,0.94906676
Chad,TCD,1990,1.2425886
Chad,TCD,1995,1.263693
Chad,TCD,2000,1.2314832
Chad,TCD,2005,3.409439
Chad,TCD,2010,3.3870575
Chad,TCD,2015,3.1880126
Chad,TCD,2020,3.178544
Chad,TCD,2024,6.254817
Channel Islands,OWID_CIS,1990,43.092663
Channel Islands,OWID_CIS,1995,41.666264
Channel Islands,OWID_CIS,2000,43.414352
Channel Islands,OWID_CIS,2005,46.328514
Channel Islands,OWID_CIS,2010,48.909664
Channel Islands,OWID_CIS,2015,50.35484
Channel Islands,OWID_CIS,2020,50.58321
Channel Islands,OWID_CIS,2024,50.877914
Chile,CHL,1990,0.7451938
Chile,CHL,1995,0.8656343
Chile,CHL,2000,1.0746382
Chile,CHL,2005,1.4773092
Chile,CHL,2010,2.104192
Chile,CHL,2015,3.3136714
Chile,CHL,2020,7.6210246
Chile,CHL,2024,7.783161
China,CHN,1990,0.044937827
China,CHN,1995,0.050044343
China,CHN,2000,0.056783687
China,CHN,2005,0.065140635
China,CHN,2010,0.07472897
China,CHN,2015,0.08566562
China,CHN,2020,0.099229366
China,CHN,2024,0.11545786
Colombia,COL,1990,0.31033227
Colombia,COL,1995,0.30596575
Colombia,COL,2000,0.2810519
Colombia,COL,2005,0.2622779
Colombia,COL,2010,0.28233936
Colombia,COL,2015,0.3097811
Colombia,COL,2020,3.8175135
Colombia,COL,2024,5.7926426
Comoros,COM,1990,3.166695
Comoros,COM,1995,2.841296
Comoros,COM,2000,2.5740561
Comoros,COM,2005,2.2287014
Comoros,COM,2010,1.9268947
Comoros,COM,2015,1.7277158
Comoros,COM,2020,1.5577881
Comoros,COM,2024,1.4364872
Congo,COG,1990,5.4353175
Congo,COG,1995,6.9699116
Congo,COG,2000,9.706332
Congo,COG,2005,8.622568
Congo,COG,2010,9.528134
Congo,COG,2015,7.6534734
Congo,COG,2020,6.7377033
Congo,COG,2024,6.0886054
Cook Islands,COK,1990,15.110981
Cook Islands,COK,1995,15.106012
Cook Islands,COK,2000,17.566545
Cook Islands,COK,2005,21.656094
Cook Islands,COK,2010,22.201933
Cook Islands,COK,2015,23.890863
Cook Islands,COK,2020,29.27188
Cook Islands,COK,2024,35.960377
Costa Rica,CRI,1990,13.378198
Costa Rica,CRI,1995,10.304635
Costa Rica,CRI,2000,7.896562
Costa Rica,CRI,2005,8.41065
Costa Rica,CRI,2010,8.906549
Costa Rica,CRI,2015,8.5449095
Costa Rica,CRI,2020,10.343581
Costa Rica,CRI,2024,12.249805
Cote d'Ivoire,CIV,1990,14.950018
Cote d'Ivoire,CIV,1995,13.41572
Cote d'Ivoire,CIV,2000,12.189042
Cote d'Ivoire,CIV,2005,11.500974
Cote d'Ivoire,CIV,2010,10.933782
Cote d'Ivoire,CIV,2015,10.33625
Cote d'Ivoire,CIV,2020,9.545953
Cote d'Ivoire,CIV,2024,9.021163
Croatia,HRV,1990,9.833125
Croatia,HRV,1995,14.592606
Croatia,HRV,2000,13.529445
Croatia,HRV,2005,13.427915
Croatia,HRV,2010,13.3278
Croatia,HRV,2015,13.411313
Croatia,HRV,2020,13.355124
Croatia,HRV,2024,13.620303
Cuba,CUB,1990,0.32501554
Cuba,CUB,1995,0.23969
Cuba,CUB,2000,0.16693509
Cuba,CUB,2005,0.10382192
Cuba,CUB,2010,0.06526275
Cuba,CUB,2015,0.04123258
Cuba,CUB,2020,0.027057124
Cuba,CUB,2024,0.019526798
Curacao,CUW,1990,27.706612
Curacao,CUW,1995,28.259502
Curacao,CUW,2000,29.650448
Curacao,CUW,2005,28.517048
Curacao,CUW,2010,22.074337
Curacao,CUW,2015,22.574005
Curacao,CUW,2020,30.921316
Curacao,CUW,2024,43.14165
Cyprus,CYP,1990,5.5565352
Cyprus,CYP,1995,7.179942
Cyprus,CYP,2000,8.449803
Cyprus,CYP,2005,11.856283
Cyprus,CYP,2010,16.711237
Cyprus,CYP,2015,14.488947
Cyprus,CYP,2020,14.618271
Cyprus,CYP,2024,14.876292
Czechia,CZE,1990,4.2945886
Czechia,CZE,1995,5.149698
Czechia,CZE,2000,6.2423587
Czechia,CZE,2005,6.524115
Czechia,CZE,2010,6.6150103
Czechia,CZE,2015,6.5376263
Czechia,CZE,2020,6.4475136
Czechia,CZE,2024,9.549296
Democratic Republic of Congo,COD,1990,2.0559173
Democratic Republic of Congo,COD,1995,4.0891547
Democratic Republic of Congo,COD,2000,1.4738165
Democratic Republic of Congo,COD,2005,1.0599767
Democratic Republic of Congo,COD,2010,0.86034983
Democratic Republic of Congo,COD,2015,0.9995837
Democratic Republic of Congo,COD,2020,0.9926774
Democratic Republic of Congo,COD,2024,0.9929787
Denmark,DNK,1990,4.588929
Denmark,DNK,1995,5.6995506
Denmark,DNK,2000,6.9691353
Denmark,DNK,2005,7.8081503
Denmark,DNK,2010,9.188241
Denmark,DNK,2015,10.851046
Denmark,DNK,2020,12.327057
Denmark,DNK,2024,14.1779585
Djibouti,DJI,1990,21.089384
Djibouti,DJI,1995,15.760242
Djibouti,DJI,2000,13.449027
Djibouti,DJI,2005,10.976361
Djibouti,DJI,2010,10.997785
Djibouti,DJI,2015,11.011425
Djibouti,DJI,2020,10.834175
Djibouti,DJI,2024,10.780664
Dominica,DMA,1990,3.6178493
Dominica,DMA,1995,4.4926515
Dominica,DMA,2000,5.434164
Dominica,DMA,2005,6.90197
Dominica,DMA,2010,11.777691
Dominica,DMA,2015,11.494106
Dominica,DMA,2020,12.259335
Dominica,DMA,2024,12.7482815
Dominican Republic,DOM,1990,4.071378
Dominican Republic,DOM,1995,4.099598
Dominican Republic,DOM,2000,4.1426272
Dominican Republic,DOM,2005,4.0695457
Dominican Republic,DOM,2010,4.0272093
Dominican Republic,DOM,2015,5.263996
Dominican Republic,DOM,2020,5.4848976
Dominican Republic,DOM,2024,6.46391
East Timor,TLS,1990,1.1776233
East Timor,TLS,1995,1.1222767
East Timor,TLS,2000,1.4229192
East Timor,TLS,2005,1.1901159
East Timor,TLS,2010,1.0639092
East Timor,TLS,2015,0.70697707
East Timor,TLS,2020,0.63338345
East Timor,TLS,2024,0.5928013
Eastern Africa (UN),,1990,3.2296526
Eastern Africa (UN),,1995,2.3871226
Eastern Africa (UN),,2000,2.019164
Eastern Africa (UN),,2005,1.718966
Eastern Africa (UN),,2010,1.2813147
Eastern Africa (UN),,2015,1.5947809
Eastern Africa (UN),,2020,1.6684688
Eastern Africa (UN),,2024,1.6582123
Eastern Asia (UN),,1990,0.30040458
Eastern Asia (UN),,1995,0.34289485
Eastern Asia (UN),,2000,0.39506274
Eastern Asia (UN),,2005,0.4317692
Eastern Asia (UN),,2010,0.4715576
Eastern Asia (UN),,2015,0.5651709
Eastern Asia (UN),,2020,0.6556228
Eastern Asia (UN),,2024,0.69798195
Eastern Europe (UN),,1990,7.165517
Eastern Europe (UN),,1995,7.003238
Eastern Europe (UN),,2000,6.845948
Eastern Europe (UN),,2005,6.729005
Eastern Europe (UN),,2010,6.5658636
Eastern Europe (UN),,2015,5.9529667
Eastern Europe (UN),,2020,5.5026393
Eastern Europe (UN),,2024,6.542419
Eastern and South-Eastern Asia (UN),,1990,0.37303874
Eastern and South-Eastern Asia (UN),,1995,0.42537248
Eastern and South-Eastern Asia (UN),,2000,0.51974475
Eastern and South-Eastern Asia (UN),,2005,0.602822
Eastern and South-Eastern Asia (UN),,2010,0.73264635
Eastern and South-Eastern Asia (UN),,2015,0.8287393
Eastern and South-Eastern Asia (UN),,2020,0.9041512
Eastern and South-Eastern Asia (UN),,2024,0.9607161
Ecuador,ECU,1990,1.3290849
Ecuador,ECU,1995,1.256424
Ecuador,ECU,2000,1.1867173
Ecuador,ECU,2005,1.0429965
Ecuador,ECU,2010,2.3803227
Ecuador,ECU,2015,2.041912
Ecuador,ECU,2020,4.1123753
Ecuador,ECU,2024,4.123128
Egypt,EGY,1990,0.24781059
Egypt,EGY,1995,0.24492852
Egypt,EGY,2000,0.2454241
Egypt,EGY,2005,0.35627672
Egypt,EGY,2010,0.362322
Egypt,EGY,2015,0.5013106
Egypt,EGY,2020,0.5511333
Egypt,EGY,2024,0.9780651
El Salvador,SLV,1990,0.8770815
El Salvador,SLV,1995,0.6861524
El Salvador,SLV,2000,0.5335865
El Salvador,SLV,2005,0.5999256
El Salvador,SLV,2010,0.66480464
El Salvador,SLV,2015,0.6801618
El Salvador,SLV,2020,0.68595415
El Salvador,SLV,2024,0.68382263
Equatorial Guinea,GNQ,1990,0.5777251
Equatorial Guinea,GNQ,1995,0.63525796
Equatorial Guinea,GNQ,2000,0.6422771
Equatorial Guinea,GNQ,2005,0.6954011
Equatorial Guinea,GNQ,2010,0.7281229
Equatorial Guinea,GNQ,2015,14.416925
Equatorial Guinea,GNQ,2020,13.435613
Equatorial Guinea,GNQ,2024,13.15339
Eritrea,ERI,1990,0.58285946
Eritrea,ERI,1995,0.61226493
Eritrea,ERI,2000,0.57640505
Eritrea,ERI,2005,0.59765935
Eritrea,ERI,2010,0.53691006
Eritrea,ERI,2015,0.5133075
Eritrea,ERI,2020,0.42336228
Eritrea,ERI,2024,0.3538859
Estonia,EST,1990,24.326324
Estonia,EST,1995,21.734581
Estonia,EST,2000,17.860598
Estonia,EST,2005,17.24924
Estonia,EST,2010,16.36489
Estonia,EST,2015,14.808121
Estonia,EST,2020,14.986963
Estonia,EST,2024,14.9238615
Eswatini,SWZ,1990,8.595666
Eswatini,SWZ,1995,3.6228158
Eswatini,SWZ,2000,3.272858
Eswatini,SWZ,2005,3.0946543
Eswatini,SWZ,2010,2.9359062
Eswatini,SWZ,2015,2.8309093
Eswatini,SWZ,2020,2.7548587
Eswatini,SWZ,2024,2.6768112
Ethiopia,ETH,1990,1.8385413
Ethiopia,ETH,1995,0.8320024
Ethiopia,ETH,2000,0.46199983
Ethiopia,ETH,2005,0.21791312
Ethiopia,ETH,2010,0.25080818
Ethiopia,ETH,2015,0.76768655
Ethiopia,ETH,2020,0.7359461
Ethiopia,ETH,2024,0.88479257
Europe,,1990,7.1176405
Europe,,1995,7.7556434
Europe,,2000,8.141332
Europe,,2005,9.006153
Europe,,2010,9.849122
Europe,,2015,10.195576
Europe,,2020,11.093237
Europe,,2024,12.646977
Europe and Northern America (UN),,1990,7.858215
Europe and Northern America (UN),,1995,8.748446
Europe and Northern America (UN),,2000,9.565317
Europe and Northern America (UN),,2005,10.511047
Europe and Northern America (UN),,2010,11.399494
Europe and Northern America (UN),,2015,11.905651
Europe and Northern America (UN),,2020,12.579412
Europe and Northern America (UN),,2024,13.735163
European Union (27),,1990,5.869079
European Union (27),,1995,6.8155637
European Union (27),,2000,7.470279
European Union (27),,2005,8.787381
European Union (27),,2010,9.916046
European Union (27),,2015,10.614218
European Union (27),,2020,12.149938
European Union (27),,2024,14.0620985
Falkland Islands,FLK,1990,36.44501
Falkland Islands,FLK,1995,31.358381
Falkland Islands,FLK,2000,34.452698
Falkland Islands,FLK,2005,36.24495
Falkland Islands,FLK,2010,44.91711
Falkland Islands,FLK,2015,46.09742
Falkland Islands,FLK,2020,55.818596
Falkland Islands,FLK,2024,67.23343
Faroe Islands,FRO,1990,9.021623
Faroe Islands,FRO,1995,6.6152654
Faroe Islands,FRO,2000,7.868515
Faroe Islands,FRO,2005,9.4766445
Faroe Islands,FRO,2010,10.579418
Faroe Islands,FRO,2015,11.218145
Faroe Islands,FRO,2020,12.953772
Faroe Islands,FRO,2024,14.622744
Fiji,FJI,1990,1.7176678
Fiji,FJI,1995,1.6276764
Fiji,FJI,2000,1.5125299
Fiji,FJI,2005,1.409145
Fiji,FJI,2010,1.4671267
Fiji,FJI,2015,1.4969877
Fiji,FJI,2020,1.539625
Fiji,FJI,2024,1.546323
Finland,FIN,1990,1.2685059
Finland,FIN,1995,1.9524378
Finland,FIN,2000,2.631331
Finland,FIN,2005,3.6630957
Finland,FIN,2010,4.2600427
Finland,FIN,2015,5.7458444
Finland,FIN,2020,6.981539
Finland,FIN,2024,9.157978
France,FRA,1990,10.335144
France,FRA,1995,10.20124
France,FRA,2000,10.324422
France,FRA,2005,11.099186
France,FRA,2010,11.546065
France,FRA,2015,12.289782
France,FRA,2020,13.065295
France,FRA,2024,13.804598
French Guiana,GUF,1990,56.45067
French Guiana,GUF,1995,52.090496
French Guiana,GUF,2000,47.720707
French Guiana,GUF,2005,42.711426
French Guiana,GUF,2010,41.049603
French Guiana,GUF,2015,39.83586
French Guiana,GUF,2020,41.25478
French Guiana,GUF,2024,42.43587
French Polynesia,PYF,1990,12.675683
French Polynesia,PYF,1995,12.767988
French Polynesia,PYF,2000,12.619364
French Polynesia,PYF,2005,12.441283
French Polynesia,PYF,2010,11.693399
French Polynesia,PYF,2015,10.817445
French Polynesia,PYF,2020,10.77365
French Polynesia,PYF,2024,10.680714
Gabon,GAB,1990,13.030758
Gabon,GAB,1995,15.262198
Gabon,GAB,2000,16.810575
Gabon,GAB,2005,15.977096
Gabon,GAB,2010,15.74698
Gabon,GAB,2015,18.554045
Gabon,GAB,2020,17.939463
Gabon,GAB,2024,17.713844
Gambia,GMB,1990,11.19972
Gambia,GMB,1995,11.934545
Gambia,GMB,2000,12.543194
Gambia,GMB,2005,10.907916
Gambia,GMB,2010,9.645702
Gambia,GMB,2015,8.655315
Gambia,GMB,2020,8.5724125
Gambia,GMB,2024,8.555726
Georgia,GEO,1990,5.587766
Georgia,GEO,1995,3.0905998
Georgia,GEO,2000,1.7585653
Georgia,GEO,2005,1.7708316
Georgia,GEO,2010,1.8757548
Georgia,GEO,2015,2.0225115
Georgia,GEO,2020,2.0910099
Georgia,GEO,2024,2.14257
Germany,DEU,1990,8.732017
Germany,DEU,1995,11.749843
Germany,DEU,2000,12.711256
Germany,DEU,2005,13.663665
Germany,DEU,2010,14.432533
Germany,DEU,2015,15.408371
Germany,DEU,2020,17.961895
Germany,DEU,2024,19.810337
Ghana,GHA,1990,1.0708332
Ghana,GHA,1995,1.4534097
Ghana,GHA,2000,0.9757099
Ghana,GHA,2005,1.380578
Ghana,GHA,2010,1.3258727
Ghana,GHA,2015,1.445299
Ghana,GHA,2020,1.4940255
Ghana,GHA,2024,1.5461109
Gibraltar,GIB,1990,32.018383
Gibraltar,GIB,1995,30.613289
Gibraltar,GIB,2000,29.066368
Gibraltar,GIB,2005,31.584541
Gibraltar,GIB,2010,33.182922
Gibraltar,GIB,2015,33.335342
Gibraltar,GIB,2020,30.934675
Gibraltar,GIB,2024,28.709095
Greece,GRC,1990,6.0256352
Greece,GRC,1995,8.155061
Greece,GRC,2000,10.309772
Greece,GRC,2005,10.843009
Greece,GRC,2010,11.875849
Greece,GRC,2015,11.486324
Greece,GRC,2020,12.528365
Greece,GRC,2024,14.171874
Greenland,GRL,1990,16.685242
Greenland,GRL,1995,12.752507
Greenland,GRL,2000,11.743671
Greenland,GRL,2005,11.511852
Greenland,GRL,2010,10.758822
Greenland,GRL,2015,10.726335
Greenland,GRL,2020,10.518902
Greenland,GRL,2024,10.408309
Grenada,GRD,1990,4.264834
Grenada,GRD,1995,5.3374925
Grenada,GRD,2000,6.3517323
Grenada,GRD,2005,6.2897553
Grenada,GRD,2010,6.2552648
Grenada,GRD,2015,6.1538596
Grenada,GRD,2020,6.1998777
Grenada,GRD,2024,6.2624245
Guadeloupe,GLP,1990,16.960339
Guadeloupe,GLP,1995,18.17867
Guadeloupe,GLP,2000,19.827108
Guadeloupe,GLP,2005,21.825539
Guadeloupe,GLP,2010,23.223879
Guadeloupe,GLP,2015,22.516647
Guadeloupe,GLP,2020,22.1422
Guadeloupe,GLP,2024,23.889248
Guam,GUM,1990,50.324654
Guam,GUM,1995,47.92408
Guam,GUM,2000,46.274952
Guam,GUM,2005,45.473793
Guam,GUM,2010,45.28891
Guam,GUM,2015,46.141113
Guam,GUM,2020,49.625675
Guam,GUM,2024,50.161224
Guatemala,GTM,1990,2.928129
Guatemala,GTM,1995,1.5144775
Guatemala,GTM,2000,0.41135818
Guatemala,GTM,2005,0.43716094
Guatemala,GTM,2010,0.45783094
Guatemala,GTM,2015,0.46865267
Guatemala,GTM,2020,0.4857373
Guatemala,GTM,2024,0.50380415
Guinea,GIN,1990,6.2728868
Guinea,GIN,1995,10.253932
Guinea,GIN,2000,6.644752
Guinea,GIN,2005,2.5245829
Guinea,GIN,2010,1.7195125
Guinea,GIN,2015,1.0763682
Guinea,GIN,2020,0.90819937
Guinea,GIN,2024,0.7957825
Guinea-Bissau,GNB,1990,1.5783598
Guinea-Bissau,GNB,1995,2.4966316
Guinea-Bissau,GNB,2000,1.6562178
Guinea-Bissau,GNB,2005,1.5129
Guinea-Bissau,GNB,2010,1.3656616
Guinea-Bissau,GNB,2015,1.250128
Guinea-Bissau,GNB,2020,0.89134264
Guinea-Bissau,GNB,2024,0.68430674
Guyana,GUY,1990,0.5460772
Guyana,GUY,1995,0.837566
Guyana,GUY,2000,1.1257374
Guyana,GUY,2005,1.4282823
Guyana,GUY,2010,1.0920166
Guyana,GUY,2015,1.1414361
Guyana,GUY,2020,3.860029
Guyana,GUY,2024,6.5185714
Haiti,HTI,1990,0.27841803
Haiti,HTI,1995,0.23972085
Haiti,HTI,2000,0.20741524
Haiti,HTI,2005,0.18054858
Haiti,HTI,2010,0.17526762
Haiti,HTI,2015,0.17149659
Haiti,HTI,2020,0.16794962
Haiti,HTI,2024,0.1663275
High-income countries,,1990,7.4551888
High-income countries,,1995,8.360933
High-income countries,,2000,9.250767
High-income countries,,2005,10.348913
High-income countries,,2010,11.654159
High-income countries,,2015,12.752172
High-income countries,,2020,13.508475
High-income countries,,2024,14.5955105
Honduras,HND,1990,5.429649
Honduras,HND,1995,2.6036837
Honduras,HND,2000,0.43268442
Honduras,HND,2005,0.37353134
Honduras,HND,2010,0.32618213
Honduras,HND,2015,0.41494787
Honduras,HND,2020,0.38731614
Honduras,HND,2024,0.36857653
Hong Kong,HKG,1990,39.89631
Hong Kong,HKG,1995,39.562195
Hong Kong,HKG,2000,39.80993
Hong Kong,HKG,2005,39.389744
Hong Kong,HKG,2010,39.14531
Hong Kong,HKG,2015,38.568493
Hong Kong,HKG,2020,39.551388
Hong Kong,HKG,2024,41.312954
Hungary,HUN,1990,3.3474674
Hungary,HUN,1995,3.1215792
Hungary,HUN,2000,2.9140286
Hungary,HUN,2005,3.643927
Hungary,HUN,2010,4.375292
Hungary,HUN,2015,4.832786
Hungary,HUN,2020,5.995893
Hungary,HUN,2024,7.126451
Iceland,ISL,1990,3.7608943
Iceland,ISL,1995,4.761691
Iceland,ISL,2000,5.649886
Iceland,ISL,2005,8.587965
Iceland,ISL,2010,11.029426
Iceland,ISL,2015,11.805942
Iceland,ISL,2020,17.845472
Iceland,ISL,2024,25.119219
India,IND,1990,0.8338755
India,IND,1995,0.71194977
India,IND,2000,0.6041597
India,IND,2005,0.51572883
India,IND,2010,0.45044795
India,IND,2015,0.39549693
India,IND,2020,0.35147253
India,IND,2024,0.33056286
Indonesia,IDN,1990,0.050167546
Indonesia,IDN,1995,0.05724154
Indonesia,IDN,2000,0.13312104
Indonesia,IDN,2005,0.037903313
Indonesia,IDN,2010,0.045994945
Indonesia,IDN,2015,0.07338409
Indonesia,IDN,2020,0.11160313
Indonesia,IDN,2024,0.15722927
Iran,IRN,1990,7.3511376
Iran,IRN,1995,4.722516
Iran,IRN,2000,3.7285743
Iran,IRN,2005,3.5531962
Iran,IRN,2010,3.516362
Iran,IRN,2015,3.3042364
Iran,IRN,2020,3.1886973
Iran,IRN,2024,4.194331
Iraq,IRQ,1990,0.4757239
Iraq,IRQ,1995,0.9577516
Iraq,IRQ,2000,0.86195755
Iraq,IRQ,2005,0.4747452
Iraq,IRQ,2010,0.38803214
Iraq,IRQ,2015,0.95672756
Iraq,IRQ,2020,0.8684603
Iraq,IRQ,2024,0.8057423
Ireland,IRL,1990,6.482124
Ireland,IRL,1995,6.851281
Ireland,IRL,2000,9.896452
Ireland,IRL,2005,14.934695
Ireland,IRL,2010,16.480978
Ireland,IRL,2015,17.0648
Ireland,IRL,2020,19.100166
Ireland,IRL,2024,23.144302
Isle of Man,IMN,1990,50.451275
Isle of Man,IMN,1995,51.579433
Isle of Man,IMN,2000,51.549717
Isle of Man,IMN,2005,52.159313
Isle of Man,IMN,2010,51.800938
Isle of Man,IMN,2015,50.528152
Isle of Man,IMN,2020,51.199085
Isle of Man,IMN,2024,51.916588
Israel,ISR,1990,35.69869
Israel,ISR,1995,33.26233
Israel,ISR,2000,30.078512
Israel,ISR,2005,27.957186
Israel,ISR,2010,26.622387
Israel,ISR,2015,25.082752
Israel,ISR,2020,23.508427
Israel,ISR,2024,22.2815
Italy,ITA,1990,2.6816201
Italy,ITA,1995,3.154245
Italy,ITA,2000,3.742233
Italy,ITA,2005,5.615038
Italy,ITA,2010,7.84392
Italy,ITA,2015,9.08984
Italy,ITA,2020,10.388187
Italy,ITA,2024,11.043738
Jamaica,JAM,1990,0.86033857
Jamaica,JAM,1995,0.90846515
Jamaica,JAM,2000,0.9568123
Jamaica,JAM,2005,0.90373665
Jamaica,JAM,2010,0.8614304
Jamaica,JAM,2015,0.8265734
Jamaica,JAM,2020,0.834729
Jamaica,JAM,2024,0.8455625
Japan,JPN,1990,0.85127795
Japan,JPN,1995,1.0591755
Japan,JPN,2000,1.3003997
Japan,JPN,2005,1.5452088
Japan,JPN,2010,1.6864495
Japan,JPN,2015,2.0251184
Japan,JPN,2020,2.6040568
Japan,JPN,2024,2.7551072
Jordan,JOR,1990,31.241241
Jordan,JOR,1995,31.810469
Jordan,JOR,2000,34.04824
Jordan,JOR,2005,36.97381
Jordan,JOR,2010,51.02571
Jordan,JOR,2015,45.962288
Jordan,JOR,2020,45.46745
Jordan,JOR,2024,45.70436
Kazakhstan,KAZ,1990,19.173649
Kazakhstan,KAZ,1995,13.507965
Kazakhstan,KAZ,2000,11.182262
Kazakhstan,KAZ,2005,11.558263
Kazakhstan,KAZ,2010,11.028633
Kazakhstan,KAZ,2015,10.616578
Kazakhstan,KAZ,2020,10.215871
Kazakhstan,KAZ,2024,10.148306
Kenya,KEN,1990,1.3021165
Kenya,KEN,1995,2.3259559
Kenya,KEN,2000,2.310004
Kenya,KEN,2005,2.160419
Kenya,KEN,2010,2.2955718
Kenya,KEN,2015,2.3931222
Kenya,KEN,2020,2.011108
Kenya,KEN,2024,1.7587882
Kiribati,KIR,1990,2.8882506
Kiribati,KIR,1995,2.736539
Kiribati,KIR,2000,2.5763714
Kiribati,KIR,2005,2.536849
Kiribati,KIR,2010,2.6383574
Kiribati,KIR,2015,2.498823
Kiribati,KIR,2020,2.4790046
Kiribati,KIR,2024,2.45469
Kuwait,KWT,1990,62.685844
Kuwait,KWT,1995,55.613724
Kuwait,KWT,2000,57.140575
Kuwait,KWT,2005,60.53095
Kuwait,KWT,2010,63.594646
Kuwait,KWT,2015,68.08753
Kuwait,KWT,2020,68.878
Kuwait,KWT,2024,67.345955
Kyrgyzstan,KGZ,1990,13.971903
Kyrgyzstan,KGZ,1995,10.996567
Kyrgyzstan,KGZ,2000,7.7574677
Kyrgyzstan,KGZ,2005,5.8974347
Kyrgyzstan,KGZ,2010,4.2256937
Kyrgyzstan,KGZ,2015,3.4052985
Kyrgyzstan,KGZ,2020,2.986297
Kyrgyzstan,KGZ,2024,2.711046
Land-locked Developing Countries (LLDC),,1990,5.2495513
Land-locked Developing Countries (LLDC),,1995,3.9543738
Land-locked Developing Countries (LLDC),,2000,3.2195961
Land-locked Developing Countries (LLDC),,2005,2.809925
Land-locked Developing Countries (LLDC),,2010,2.283685
Land-locked Developing Countries (LLDC),,2015,2.438925
Land-locked Developing Countries (LLDC),,2020,2.4139013
Land-locked Developing Countries (LLDC),,2024,2.5260112
Laos,LAO,1990,0.5302931
Laos,LAO,1995,0.47725803
Laos,LAO,2000,0.4041087
Laos,LAO,2005,0.347064
Laos,LAO,2010,0.5202714
Laos,LAO,2015,0.66951454
Laos,LAO,2020,0.6633197
Laos,LAO,2024,0.6621261
Latin America and the Caribbean (UN),,1990,1.6414516
Latin America and the Caribbean (UN),,1995,1.3950965
Latin America and the Caribbean (UN),,2000,1.2639965
Latin America and the Caribbean (UN),,2005,1.2786158
Latin America and the Caribbean (UN),,2010,1.4052905
Latin America and the Caribbean (UN),,2015,1.4692472
Latin America and the Caribbean (UN),,2020,2.209234
Latin America and the Caribbean (UN),,2024,2.6392498
Latvia,LVA,1990,24.284782
Latvia,LVA,1995,21.645376
Latvia,LVA,2000,18.1639
Latvia,LVA,2005,16.819702
Latvia,LVA,2010,14.95764
Latvia,LVA,2015,13.419406
Latvia,LVA,2020,12.593715
Latvia,LVA,2024,11.778109
Lebanon,LBN,1990,11.807158
Lebanon,LBN,1995,11.776526
Lebanon,LBN,2000,11.891789
Lebanon,LBN,2005,11.856945
Lebanon,LBN,2010,12.41516
Lebanon,LBN,2015,27.249523
Lebanon,LBN,2020,27.818928
Lebanon,LBN,2024,24.502106
Lesotho,LSO,1990,0.4553251
Lesotho,LSO,1995,0.36916384
Lesotho,LSO,2000,0.3077479
Lesotho,LSO,2005,0.32205608
Lesotho,LSO,2010,0.3213023
Lesotho,LSO,2015,0.43485472
Lesotho,LSO,2020,0.53942186
Lesotho,LSO,2024,0.64340085
Liberia,LBR,1990,4.2706037
Liberia,LBR,1995,9.614911
Liberia,LBR,2000,5.1865416
Liberia,LBR,2005,2.6421268
Liberia,LBR,2010,2.4431555
Liberia,LBR,2015,2.4061093
Liberia,LBR,2020,1.7078868
Liberia,LBR,2024,1.2903147
Libya,LBY,1990,10.28235
Libya,LBY,1995,10.3537245
Libya,LBY,2000,10.696206
Libya,LBY,2005,10.674749
Libya,LBY,2010,10.575701
Libya,LBY,2015,11.805991
Libya,LBY,2020,11.7315855
Libya,LBY,2024,12.162962
Liechtenstein,LIE,1990,37.754005
Liechtenstein,LIE,1995,42.89305
Liechtenstein,LIE,2000,46.75807
Liechtenstein,LIE,2005,54.475224
Liechtenstein,LIE,2010,62.062836
Liechtenstein,LIE,2015,63.63369
Liechtenstein,LIE,2020,66.75007
Liechtenstein,LIE,2024,69.39804
Lithuania,LTU,1990,9.4521475
Lithuania,LTU,1995,7.542987
Lithuania,LTU,2000,6.122468
Lithuania,LTU,2005,6.056384
Lithuania,LTU,2010,5.1900105
Lithuania,LTU,2015,4.681075
Lithuania,LTU,2020,5.1929975
Lithuania,LTU,2024,6.127571
Low-income countries,,1990,2.9801395
Low-income countries,,1995,2.4322262
Low-income countries,,2000,1.7530706
Low-income countries,,2005,1.5662646
Low-income countries,,2010,1.535592
Low-income countries,,2015,1.6058894
Low-income countries,,2020,1.7159716
Low-income countries,,2024,1.9009155
Lower-middle-income countries,,1990,1.5324785
Lower-middle-income countries,,1995,1.3002847
Lower-middle-income countries,,2000,1.1786587
Lower-middle-income countries,,2005,1.0444217
Lower-middle-income countries,,2010,1.0483124
Lower-middle-income countries,,2015,1.0538721
Lower-middle-income countries,,2020,1.02227
Lower-middle-income countries,,2024,1.0642352
Luxembourg,LUX,1990,29.81268
Luxembourg,LUX,1995,30.891146
Luxembourg,LUX,2000,32.043053
Luxembourg,LUX,2005,32.3657
Luxembourg,LUX,2010,32.15191
Luxembourg,LUX,2015,43.700134
Luxembourg,LUX,2020,47.26664
Luxembourg,LUX,2024,51.15759
Macao,MAC,1990,58.397484
Macao,MAC,1995,56.41659
Macao,MAC,2000,55.06198
Macao,MAC,2005,56.379047
Macao,MAC,2010,56.592503
Macao,MAC,2015,60.44338
Macao,MAC,2020,59.07034
Macao,MAC,2024,59.264824
Madagascar,MDG,1990,0.19838849
Madagascar,MDG,1995,0.1507123
Madagascar,MDG,2000,0.14253159
Madagascar,MDG,2005,0.13600416
Madagascar,MDG,2010,0.13030049
Madagascar,MDG,2015,0.12614691
Madagascar,MDG,2020,0.122827746
Madagascar,MDG,2024,0.12083545
Malawi,MWI,1990,11.81376
Malawi,MWI,1995,2.3805046
Malawi,MWI,2000,2.0556839
Malawi,MWI,2005,1.7263277
Malawi,MWI,2010,1.4684689
Malawi,MWI,2015,1.1549383
Malawi,MWI,2020,0.97964114
Malawi,MWI,2024,0.8622329
Malaysia,MYS,1990,5.7621384
Malaysia,MYS,1995,6.4573994
Malaysia,MYS,2000,7.0264363
Malaysia,MYS,2005,8.415784
Malaysia,MYS,2010,10.7722645
Malaysia,MYS,2015,11.249383
Malaysia,MYS,2020,10.972984
Malaysia,MYS,2024,10.705183
Maldives,MDV,1990,3.865867
Maldives,MDV,1995,7.212185
Maldives,MDV,2000,9.606445
Maldives,MDV,2005,14.69998
Maldives,MDV,2010,15.149726
Maldives,MDV,2015,15.011655
Maldives,MDV,2020,13.956679
Maldives,MDV,2024,14.228712
Mali,MLI,1990,1.75116
Mali,MLI,1995,1.7298055
Mali,MLI,2000,1.6391578
Mali,MLI,2005,1.9103091
Mali,MLI,2010,2.139064
Mali,MLI,2015,2.2616227
Mali,MLI,2020,2.2374167
Mali,MLI,2024,2.2277546
Malta,MLT,1990,4.0980353
Malta,MLT,1995,4.6131845
Malta,MLT,2000,5.381663
Malta,MLT,2005,5.942127
Malta,MLT,2010,7.8097534
Malta,MLT,2015,11.830168
Malta,MLT,2020,22.14559
Malta,MLT,2024,36.96505
Marshall Islands,MHL,1990,2.5947254
Marshall Islands,MHL,1995,3.0663407
Marshall Islands,MHL,2000,3.7293417
Marshall Islands,MHL,2005,4.6564946
Marshall Islands,MHL,2010,5.9353623
Marshall Islands,MHL,2015,6.7295084
Marshall Islands,MHL,2020,7.722568
Marshall Islands,MHL,2024,8.812719
Martinique,MTQ,1990,10.432614
Martinique,MTQ,1995,11.548785
Martinique,MTQ,2000,12.931734
Martinique,MTQ,2005,14.192964
Martinique,MTQ,2010,14.9917965
Martinique,MTQ,2015,18.026691
Martinique,MTQ,2020,19.243162
Martinique,MTQ,2024,19.868296
Mauritania,MRT,1990,5.720132
Mauritania,MRT,1995,3.8737605
Mauritania,MRT,2000,2.1950371
Mauritania,MRT,2005,1.9805999
Mauritania,MRT,2010,2.5043018
Mauritania,MRT,2015,4.199539
Mauritania,MRT,2020,3.9626262
Mauritania,MRT,2024,3.7903275
Mauritius,MUS,1990,0.33176497
Mauritius,MUS,1995,0.64604795
Mauritius,MUS,2000,1.2775464
Mauritius,MUS,2005,1.5627398
Mauritius,MUS,2010,1.9362147
Mauritius,MUS,2015,2.2119906
Mauritius,MUS,2020,2.2515962
Mauritius,MUS,2024,2.2925355
Mayotte,MYT,1990,16.99798
Mayotte,MYT,1995,21.46913
Mayotte,MYT,2000,29.058355
Mayotte,MYT,2005,35.17575
Mayotte,MYT,2010,35.0768
Mayotte,MYT,2015,33.140457
Mayotte,MYT,2020,39.223545
Mayotte,MYT,2024,43.958897
Melanesia,OWID_MNS,1990,1.7124349
Melanesia,OWID_MNS,1995,1.5629333
Melanesia,OWID_MNS,2000,1.3182536
Melanesia,OWID_MNS,2005,1.2431154
Melanesia,OWID_MNS,2010,1.1558318
Melanesia,OWID_MNS,2015,1.099884
Melanesia,OWID_MNS,2020,1.0289477
Melanesia,OWID_MNS,2024,0.9892313
Mexico,MEX,1990,0.8470316
Mexico,MEX,1995,0.5041147
Mexico,MEX,2000,0.5335047
Mexico,MEX,2005,0.6632578
Mexico,MEX,2010,0.84277433
Mexico,MEX,2015,0.8992403
Mexico,MEX,2020,1.0529684
Mexico,MEX,2024,1.3190247
Micronesia,,1990,25.507486
Micronesia,,1995,25.506533
Micronesia,,2000,25.570236
Micronesia,,2005,24.788538
Micronesia,,2010,22.17946
Micronesia,,2015,21.842564
Micronesia,,2020,22.908665
Micronesia,,2024,23.423536
Micronesia (country),FSM,1990,3.6525652
Micronesia (country),FSM,1995,3.0318425
Micronesia (country),FSM,2000,2.7810502
Micronesia (country),FSM,2005,2.607439
Micronesia (country),FSM,2010,2.6092618
Micronesia (country),FSM,2015,2.5350454
Micronesia (country),FSM,2020,2.5532835
Micronesia (country),FSM,2024,2.5574408
Middle Africa (UN),,1990,2.0165396
Middle Africa (UN),,1995,3.088451
Middle Africa (UN),,2000,1.7889756
Middle Africa (UN),,2005,1.6909394
Middle Africa (UN),,2010,1.7932885
Middle Africa (UN),,2015,2.1745846
Middle Africa (UN),,2020,2.054985
Middle Africa (UN),,2024,2.2802432
Moldova,MDA,1990,11.983358
Moldova,MDA,1995,8.270991
Moldova,MDA,2000,5.906398
Moldova,MDA,2005,4.3689513
Moldova,MDA,2010,3.6449971
Moldova,MDA,2015,3.094765
Moldova,MDA,2020,2.518335
Moldova,MDA,2024,6.2012987
Monaco,MCO,1990,67.06305
Monaco,MCO,1995,66.626595
Monaco,MCO,2000,67.129875
Monaco,MCO,2005,66.16579
Monaco,MCO,2010,63.72162
Monaco,MCO,2015,70.688576
Monaco,MCO,2020,69.910645
Monaco,MCO,2024,70.16644
Mongolia,MNG,1990,0.31036144
Mongolia,MNG,1995,0.31784698
Mongolia,MNG,2000,0.33423185
Mongolia,MNG,2005,0.447715
Mongolia,MNG,2010,0.5945075
Mongolia,MNG,2015,0.6680943
Mongolia,MNG,2020,0.6486294
Mongolia,MNG,2024,0.64994216
Montenegro,MNE,1990,11.884505
Montenegro,MNE,1995,11.679636
Montenegro,MNE,2000,11.627849
Montenegro,MNE,2005,11.630471
Montenegro,MNE,2010,12.421055
Montenegro,MNE,2015,11.417586
Montenegro,MNE,2020,11.678716
Montenegro,MNE,2024,14.446364
Montserrat,MSR,1990,18.853611
Montserrat,MSR,1995,19.574986
Montserrat,MSR,2000,24.080334
Montserrat,MSR,2005,27.358698
Montserrat,MSR,2010,26.929495
Montserrat,MSR,2015,28.910765
Montserrat,MSR,2020,30.590061
Montserrat,MSR,2024,31.943495
Morocco,MAR,1990,0.22520517
Morocco,MAR,1995,0.1907617
Morocco,MAR,2000,0.18658547
Morocco,MAR,2005,0.18519577
Morocco,MAR,2010,0.21926561
Morocco,MAR,2015,0.2670628
Morocco,MAR,2020,0.2797874
Morocco,MAR,2024,0.2916638
Mozambique,MOZ,1990,0.9342216
Mozambique,MOZ,1995,1.0542005
Mozambique,MOZ,2000,1.079458
Mozambique,MOZ,2005,1.3233179
Mozambique,MOZ,2010,1.3325269
Mozambique,MOZ,2015,1.212141
Mozambique,MOZ,2020,1.1007453
Mozambique,MOZ,2024,1.0197083
Myanmar,MMR,1990,0.33539483
Myanmar,MMR,1995,0.26678112
Myanmar,MMR,2000,0.21640357
Myanmar,MMR,2005,0.17501657
Myanmar,MMR,2010,0.15586938
Myanmar,MMR,2015,0.14349256
Myanmar,MMR,2020,0.14419279
Myanmar,MMR,2024,0.1450493
Namibia,NAM,1990,8.810395
Namibia,NAM,1995,7.2009835
Namibia,NAM,2000,7.453178
Namibia,NAM,2005,5.458557
Namibia,NAM,2010,4.9211044
Namibia,NAM,2015,4.279914
Namibia,NAM,2020,4.0088143
Namibia,NAM,2024,3.8293724
Nauru,NRU,1990,29.255873
Nauru,NRU,1995,25.627151
Nauru,NRU,2000,23.544453
Nauru,NRU,2005,22.420141
Nauru,NRU,2010,9.021209
Nauru,NRU,2015,16.733614
Nauru,NRU,2020,18.904062
Nauru,NRU,2024,21.32753
Nepal,NPL,1990,2.2022197
Nepal,NPL,1995,3.1027708
Nepal,NPL,2000,2.924652
Nepal,NPL,2005,2.5873928
Nepal,NPL,2010,2.1281912
Nepal,NPL,2015,1.8310732
Nepal,NPL,2020,1.6831952
Nepal,NPL,2024,1.5875287
Netherlands,NLD,1990,7.9456835
Netherlands,NLD,1995,8.97763
Netherlands,NLD,2000,9.867748
Netherlands,NLD,2005,10.540888
Netherlands,NLD,2010,11.034661
Netherlands,NLD,2015,11.831459
Netherlands,NLD,2020,13.752667
Netherlands,NLD,2024,16.21899
New Caledonia,NCL,1990,21.349798
New Caledonia,NCL,1995,21.78971
New Caledonia,NCL,2000,22.255241
New Caledonia,NCL,2005,22.671566
New Caledonia,NCL,2010,23.380049
New Caledonia,NCL,2015,24.325136
New Caledonia,NCL,2020,25.737923
New Caledonia,NCL,2024,26.222752
New Zealand,NZL,1990,15.495209
New Zealand,NZL,1995,16.190575
New Zealand,NZL,2000,17.782316
New Zealand,NZL,2005,20.677523
New Zealand,NZL,2010,22.01087
New Zealand,NZL,2015,24.538229
New Zealand,NZL,2020,26.507452
New Zealand,NZL,2024,28.155058
Nicaragua,NIC,1990,0.995085
Nicaragua,NIC,1995,0.5733232
Nicaragua,NIC,2000,0.6050412
Nicaragua,NIC,2005,0.6536562
Nicaragua,NIC,2010,0.65089893
Nicaragua,NIC,2015,0.6547125
Nicaragua,NIC,2020,0.64227396
Nicaragua,NIC,2024,0.6326795
Niger,NER,1990,1.393473
Niger,NER,1995,1.5028932
Niger,NER,2000,1.062241
Niger,NER,2005,0.9051124
Niger,NER,2010,0.7642955
Niger,NER,2015,1.2688284
Niger,NER,2020,1.4675001
Niger,NER,2024,1.6618421
Nigeria,NGA,1990,0.47015718
Nigeria,NGA,1995,0.41779587
Nigeria,NGA,2000,0.38603607
Nigeria,NGA,2005,0.6686887
Nigeria,NGA,2010,0.5943812
Nigeria,NGA,2015,0.62888926
Nigeria,NGA,2020,0.61149126
Nigeria,NGA,2024,0.6030962
Niue,NIU,1990,18.56625
Niue,NIU,1995,20.842379
Niue,NIU,2000,24.328285
Niue,NIU,2005,28.571428
Niue,NIU,2010,33.31448
Niue,NIU,2015,33.052277
Niue,NIU,2020,32.684826
Niue,NIU,2024,32.325455
North America,,1990,7.1286716
North America,,1995,7.8386683
North America,,2000,8.797244
North America,,2005,9.409773
North America,,2010,9.949595
North America,,2015,10.382748
North America,,2020,10.509894
North America,,2024,10.787001
North Korea,PRK,1990,0.16153267
North Korea,PRK,1995,0.1550246
North Korea,PRK,2000,0.1528908
North Korea,PRK,2005,0.164356
North Korea,PRK,2010,0.17612977
North Korea,PRK,2015,0.1894715
North Korea,PRK,2020,0.18957916
North Korea,PRK,2024,0.1903443
North Macedonia,MKD,1990,4.6102877
North Macedonia,MKD,1995,5.4711604
North Macedonia,MKD,2000,6.1083884
North Macedonia,MKD,2005,6.109033
North Macedonia,MKD,2010,6.3222365
North Macedonia,MKD,2015,6.601305
North Macedonia,MKD,2020,7.0144205
North Macedonia,MKD,2024,8.277634
Northern Africa (UN),,1990,1.6589056
Northern Africa (UN),,1995,1.3014709
Northern Africa (UN),,2000,1.0793678
Northern Africa (UN),,2005,0.91201437
Northern Africa (UN),,2010,0.9316426
Northern Africa (UN),,2015,0.98189574
Northern Africa (UN),,2020,1.2588637
Northern Africa (UN),,2024,1.7910616
Northern Africa and Western Asia (UN),,1990,5.794146
Northern Africa and Western Asia (UN),,1995,5.6828036
Northern Africa and Western Asia (UN),,2000,5.5271063
Northern Africa and Western Asia (UN),,2005,5.7403765
Northern Africa and Western Asia (UN),,2010,7.179961
Northern Africa and Western Asia (UN),,2015,8.859803
Northern Africa and Western Asia (UN),,2020,9.006785
Northern Africa and Western Asia (UN),,2024,9.301353
Northern America (UN),,1990,9.792034
Northern America (UN),,1995,11.217618
Northern America (UN),,2000,12.914559
Northern America (UN),,2005,13.908326
Northern America (UN),,2010,14.768363
Northern America (UN),,2015,15.465731
Northern America (UN),,2020,15.574585
Northern America (UN),,2024,15.885973
Northern Europe (UN),,1990,7.215539
Northern Europe (UN),,1995,7.749596
Northern Europe (UN),,2000,8.422531
Northern Europe (UN),,2005,10.012098
Northern Europe (UN),,2010,11.967616
Northern Europe (UN),,2015,13.540609
Northern Europe (UN),,2020,15.309217
Northern Europe (UN),,2024,17.01756
Northern Mariana Islands,MNP,1990,61.35619
Northern Mariana Islands,MNP,1995,67.20359
Northern Mariana Islands,MNP,2000,58.695652
Northern Mariana Islands,MNP,2005,60.207844
Northern Mariana Islands,MNP,2010,44.68026
Northern Mariana Islands,MNP,2015,42.02353
Northern Mariana Islands,MNP,2020,45.95817
Northern Mariana Islands,MNP,2024,49.686073
Norway,NOR,1990,4.540604
Norway,NOR,1995,5.3521996
Norway,NOR,2000,6.511883
Norway,NOR,2005,7.8116875
Norway,NOR,2010,10.729876
Norway,NOR,2015,14.381656
Norway,NOR,2020,15.842993
Norway,NOR,2024,18.154308
Oceania,,1990,17.797016
Oceania,,1995,17.540567
Oceania,,2000,17.135508
Oceania,,2005,17.793623
Oceania,,2010,19.152315
Oceania,,2015,20.11112
Oceania,,2020,21.011877
Oceania,,2024,21.482838
Oman,OMN,1990,29.863817
Oman,OMN,1995,25.401175
Oman,OMN,2000,24.133583
Oman,OMN,2005,24.734348
Oman,OMN,2010,29.135185
Oman,OMN,2015,43.680237
Oman,OMN,2020,39.052364
Oman,OMN,2024,43.232975
Pakistan,PAK,1990,5.344732
Pakistan,PAK,1995,2.7264426
Pakistan,PAK,2000,2.7001133
Pakistan,PAK,2005,1.8093473
Pakistan,PAK,2010,1.9793715
Pakistan,PAK,2015,1.6137446
Pakistan,PAK,2020,1.394279
Pakistan,PAK,2024,1.661946
Palau,PLW,1990,18.35638
Palau,PLW,1995,27.618494
Palau,PLW,2000,32.902283
Palau,PLW,2005,30.490944
Palau,PLW,2010,29.843445
Palau,PLW,2015,27.78278
Palau,PLW,2020,28.597122
Palau,PLW,2024,29.454649
Palestine,PSE,1990,13.479335
Palestine,PSE,1995,10.6869545
Palestine,PSE,2000,8.731602
Palestine,PSE,2005,7.71687
Palestine,PSE,2010,6.81717
Palestine,PSE,2015,6.0413375
Palestine,PSE,2020,5.380682
Palestine,PSE,2024,4.958308
Panama,PAN,1990,2.555157
Panama,PAN,1995,2.6003494
Panama,PAN,2000,2.7707567
Panama,PAN,2005,3.3039584
Panama,PAN,2010,4.3485317
Panama,PAN,2015,4.664353
Panama,PAN,2020,7.2943387
Panama,PAN,2024,10.580021
Papua New Guinea,PNG,1990,0.8651396
Papua New Guinea,PNG,1995,0.7218775
Papua New Guinea,PNG,2000,0.4750532
Papua New Guinea,PNG,2005,0.4585593
Papua New Guinea,PNG,2010,0.3985709
Papua New Guinea,PNG,2015,0.35387316
Papua New Guinea,PNG,2020,0.31651187
Papua New Guinea,PNG,2024,0.29471937
Paraguay,PRY,1990,4.8537235
Paraguay,PRY,1995,4.0737534
Paraguay,PRY,2000,3.4623127
Paraguay,PRY,2005,3.088106
Paraguay,PRY,2010,2.793653
Paraguay,PRY,2015,2.5403376
Paraguay,PRY,2020,2.5677423
Paraguay,PRY,2024,2.6097994
Peru,PER,1990,0.2225097
Peru,PER,1995,0.23340257
Peru,PER,2000,0.24852312
Peru,PER,2005,0.27470377
Peru,PER,2010,0.35295996
Peru,PER,2015,0.5008996
Peru,PER,2020,3.6078358
Peru,PER,2024,5.3691835
Philippines,PHL,1990,0.2141448
Philippines,PHL,1995,0.20692809
Philippines,PHL,2000,0.19762665
Philippines,PHL,2005,0.19171636
Philippines,PHL,2010,0.1849204
Philippines,PHL,2015,0.12524286
Philippines,PHL,2020,0.0778114
Philippines,PHL,2024,0.07528422
Poland,POL,1990,2.9625003
Poland,POL,1995,2.510195
Poland,POL,2000,2.1502051
Poland,POL,2005,1.9013739
Poland,POL,2010,1.7039192
Poland,POL,2015,1.7865922
Poland,POL,2020,1.9336637
Poland,POL,2024,4.5146265
Polynesia,OWID_PYA,1990,10.395945
Polynesia,OWID_PYA,1995,10.943332
Polynesia,OWID_PYA,2000,11.372733
Polynesia,OWID_PYA,2005,11.315638
Polynesia,OWID_PYA,2010,10.851408
Polynesia,OWID_PYA,2015,10.254047
Polynesia,OWID_PYA,2020,10.191179
Polynesia,OWID_PYA,2024,10.191028
Portugal,PRT,1990,4.36239
Portugal,PRT,1995,5.311356
Portugal,PRT,2000,6.335302
Portugal,PRT,2005,7.342516
Portugal,PRT,2010,7.2109795
Portugal,PRT,2015,8.339361
Portugal,PRT,2020,9.661648
Portugal,PRT,2024,10.812014
Puerto Rico,PRI,1990,9.090783
Puerto Rico,PRI,1995,9.152782
Puerto Rico,PRI,2000,9.318911
Puerto Rico,PRI,2005,9.295286
Puerto Rico,PRI,2010,8.209488
Puerto Rico,PRI,2015,7.964482
Puerto Rico,PRI,2020,7.544161
Puerto Rico,PRI,2024,6.8879995
Qatar,QAT,1990,48.959618
Qatar,QAT,1995,59.8184
Qatar,QAT,2000,68.09651
Qatar,QAT,2005,77.90087
Qatar,QAT,2010,82.43483
Qatar,QAT,2015,86.1028
Qatar,QAT,2020,77.834755
Qatar,QAT,2024,76.66259
Reunion,REU,1990,8.766849
Reunion,REU,1995,10.860505
Reunion,REU,2000,13.192599
Reunion,REU,2005,14.380473
Reunion,REU,2010,14.568766
Reunion,REU,2015,14.706038
Reunion,REU,2020,15.296258
Reunion,REU,2024,15.4262905
Romania,ROU,1990,0.59175146
Romania,ROU,1995,0.5956909
Romania,ROU,2000,0.6087381
Romania,ROU,2005,0.6572736
Romania,ROU,2010,0.7248573
Romania,ROU,2015,1.0696986
Romania,ROU,2020,1.7467296
Romania,ROU,2024,3.447678
Russia,RUS,1990,7.7359266
Russia,RUS,1995,8.044248
Russia,RUS,2000,8.111012
Russia,RUS,2005,8.06899
Russia,RUS,2010,7.7811294
Russia,RUS,2015,6.2613573
Russia,RUS,2020,4.9856844
Russia,RUS,2024,5.2518654
Rwanda,RWA,1990,2.1697266
Rwanda,RWA,1995,3.8020887
Rwanda,RWA,2000,4.2254553
Rwanda,RWA,2005,4.673761
Rwanda,RWA,2010,4.1376185
Rwanda,RWA,2015,4.4213576
Rwanda,RWA,2020,3.9332116
Rwanda,RWA,2024,3.6005583
Saint Helena,SHN,1990,2.6900408
Saint Helena,SHN,1995,1.8431002
Saint Helena,SHN,2000,1.7952127
Saint Helena,SHN,2005,2.940646
Saint Helena,SHN,2010,4.6537814
Saint Helena,SHN,2015,6.8483195
Saint Helena,SHN,2020,8.047882
Saint Helena,SHN,2024,9.394691
Saint Kitts and Nevis,KNA,1990,7.939256
Saint Kitts and Nevis,KNA,1995,10.036385
Saint Kitts and Nevis,KNA,2000,12.975159
Saint Kitts and Nevis,KNA,2005,14.389388
Saint Kitts and Nevis,KNA,2010,15.465568
Saint Kitts and Nevis,KNA,2015,15.8069105
Saint Kitts and Nevis,KNA,2020,16.481758
Saint Kitts and Nevis,KNA,2024,16.988665
Saint Lucia,LCA,1990,3.8481905
Saint Lucia,LCA,1995,4.8276744
Saint Lucia,LCA,2000,6.2232056
Saint Lucia,LCA,2005,5.9468117
Saint Lucia,LCA,2010,5.2953086
Saint Lucia,LCA,2015,4.958692
Saint Lucia,LCA,2020,4.6777
Saint Lucia,LCA,2024,4.4947257
Saint Pierre and Miquelon,SPM,1990,17.298914
Saint Pierre and Miquelon,SPM,1995,20.509634
Saint Pierre and Miquelon,SPM,2000,23.1686
Saint Pierre and Miquelon,SPM,2005,18.760223
Saint Pierre and Miquelon,SPM,2010,16.88247
Saint Pierre and Miquelon,SPM,2015,16.579788
Saint Pierre and Miquelon,SPM,2020,17.127167
Saint Pierre and Miquelon,SPM,2024,17.910448
Saint Vincent and the Grenadines,VCT,1990,3.550603
Saint Vincent and the Grenadines,VCT,1995,3.6577706
Saint Vincent and the Grenadines,VCT,2000,3.7932098
Saint Vincent and the Grenadines,VCT,2005,3.9448643
Saint Vincent and the Grenadines,VCT,2010,4.155185
Saint Vincent and the Grenadines,VCT,2015,4.3352656
Saint Vincent and the Grenadines,VCT,2020,4.576628
Saint Vincent and the Grenadines,VCT,2024,4.7904906
Samoa,WSM,1990,1.985897
Samoa,WSM,1995,2.6888773
Samoa,WSM,2000,3.3013182
Samoa,WSM,2005,3.073089
Samoa,WSM,2010,2.6535697
Samoa,WSM,2015,2.1087115
Samoa,WSM,2020,1.8971993
Samoa,WSM,2024,1.7626904
San Marino,SMR,1990,14.100106
San Marino,SMR,1995,14.544082
San Marino,SMR,2000,15.093846
San Marino,SMR,2005,14.762705
San Marino,SMR,2010,15.935214
San Marino,SMR,2015,15.324032
San Marino,SMR,2020,15.942363
San Marino,SMR,2024,17.38483
Sao Tome and Principe,STP,1990,4.5389495
Sao Tome and Principe,STP,1995,3.6591423
Sao Tome and Principe,STP,2000,3.0308712
Sao Tome and Principe,STP,2005,2.1238687
Sao Tome and Principe,STP,2010,1.4851322
Sao Tome and Principe,STP,2015,1.1952609
Sao Tome and Principe,STP,2020,0.9837423
Sao Tome and Principe,STP,2024,0.83002174
Saudi Arabia,SAU,1990,42.148277
Saudi Arabia,SAU,1995,36.52193
Saudi Arabia,SAU,2000,32.262775
Saudi Arabia,SAU,2005,32.126213
Saudi Arabia,SAU,2010,35.683567
Saudi Arabia,SAU,2015,44.209007
Saudi Arabia,SAU,2020,42.17731
Saudi Arabia,SAU,2024,40.290726
Senegal,SEN,1990,3.502483
Senegal,SEN,1995,3.2510252
Senegal,SEN,2000,2.326394
Senegal,SEN,2005,2.1209433
Senegal,SEN,2010,2.02678
Senegal,SEN,2015,1.8261492
Senegal,SEN,2020,1.637533
Senegal,SEN,2024,1.523442
Serbia,SRB,1990,13.519605
Serbia,SRB,1995,19.732685
Serbia,SRB,2000,18.453852
Serbia,SRB,2005,14.307122
Serbia,SRB,2010,12.18308
Serbia,SRB,2015,11.112817
Serbia,SRB,2020,10.612492
Serbia,SRB,2024,10.577897
Seychelles,SYC,1990,5.029534
Seychelles,SYC,1995,6.5893555
Seychelles,SYC,2000,7.8902516
Seychelles,SYC,2005,10.078865
Seychelles,SYC,2010,12.024723
Seychelles,SYC,2015,11.928565
Seychelles,SYC,2020,10.848692
Seychelles,SYC,2024,10.168075
Sierra Leone,SLE,1990,5.293236
Sierra Leone,SLE,1995,2.357305
Sierra Leone,SLE,2000,2.214797
Sierra Leone,SLE,2005,2.6578455
Sierra Leone,SLE,2010,1.2738011
Sierra Leone,SLE,2015,0.83593184
Sierra Leone,SLE,2020,0.67924935
Sierra Leone,SLE,2024,0.5785336
Singapore,SGP,1990,23.995893
Singapore,SGP,1995,28.118895
Singapore,SGP,2000,32.697716
Singapore,SGP,2005,35.014046
Singapore,SGP,2010,42.551586
Singapore,SGP,2015,45.88568
Singapore,SGP,2020,46.06829
Singapore,SGP,2024,48.72216
Sint Maarten (Dutch part),SXM,1990,85.03261
Sint Maarten (Dutch part),SXM,1995,75.100716
Sint Maarten (Dutch part),SXM,2000,77.53875
Sint Maarten (Dutch part),SXM,2005,40.86159
Sint Maarten (Dutch part),SXM,2010,77.53743
Sint Maarten (Dutch part),SXM,2015,72.843
Sint Maarten (Dutch part),SXM,2020,70.339935
Sint Maarten (Dutch part),SXM,2024,69.54556
Slovakia,SVK,1990,0.7841699
Slovakia,SVK,1995,1.2947208
Slovakia,SVK,2000,2.1631231
Slovakia,SVK,2005,2.4269743
Slovakia,SVK,2010,2.7137063
Slovakia,SVK,2015,3.2770276
Slovakia,SVK,2020,3.6143012
Slovakia,SVK,2024,5.883514
Slovenia,SVN,1990,8.912731
Slovenia,SVN,1995,8.773172
Slovenia,SVN,2000,10.796571
Slovenia,SVN,2005,10.877685
Slovenia,SVN,2010,12.412428
Slovenia,SVN,2015,11.535054
Slovenia,SVN,2020,13.221151
Slovenia,SVN,2024,14.873386
Small Island Developing States (SIDS),,1990,4.5203533
Small Island Developing States (SIDS),,1995,4.9481325
Small Island Developing States (SIDS),,2000,5.425345
Small Island Developing States (SIDS),,2005,5.5224543
Small Island Developing States (SIDS),,2010,6.2546334
Small Island Developing States (SIDS),,2015,6.751338
Small Island Developing States (SIDS),,2020,6.753945
Small Island Developing States (SIDS),,2024,7.2256045
Solomon Islands,SLB,1990,1.2750615
Solomon Islands,SLB,1995,1.0859479
Solomon Islands,SLB,2000,0.90380937
Solomon Islands,SLB,2005,0.67711353
Solomon Islands,SLB,2010,0.51785475
Solomon Islands,SLB,2015,0.40427577
Solomon Islands,SLB,2020,0.33848312
Solomon Islands,SLB,2024,0.30139235
Somalia,SOM,1990,6.752884
Somalia,SOM,1995,0.26804367
Somalia,SOM,2000,0.22737473
Somalia,SOM,2005,0.19511044
Somalia,SOM,2010,0.39232555
Somalia,SOM,2015,0.2968792
Somalia,SOM,2020,0.35186672
Somalia,SOM,2024,0.4101814
South Africa,ZAF,1990,3.1553981
South Africa,ZAF,1995,2.2599053
South Africa,ZAF,2000,2.115583
South Africa,ZAF,2005,3.058909
South Africa,ZAF,2010,4.3452234
South Africa,ZAF,2015,5.5754
South Africa,ZAF,2020,4.357616
South Africa,ZAF,2024,4.110632
South America,,1990,1.4610897
South America,,1995,1.3168166
South America,,2000,1.2097287
South America,,2005,1.1932029
South America,,2010,1.3305426
South America,,2015,1.385085
South America,,2020,2.4032211
South America,,2024,2.8874183
South Korea,KOR,1990,0.04196552
South Korea,KOR,1995,0.11620196
South Korea,KOR,2000,0.30882257
South Korea,KOR,2005,0.48429683
South Korea,KOR,2010,1.1607664
South Korea,KOR,2015,2.573698
South Korea,KOR,2020,3.3232539
South Korea,KOR,2024,3.5026903
South Sudan,SSD,1990,13.769851
South Sudan,SSD,1995,12.483458
South Sudan,SSD,2000,10.814591
South Sudan,SSD,2005,8.594897
South Sudan,SSD,2010,2.3674648
South Sudan,SSD,2015,7.5994363
South Sudan,SSD,2020,8.246528
South Sudan,SSD,2024,7.6527653
South-Eastern Asia (UN),,1990,0.59933954
South-Eastern Asia (UN),,1995,0.6714107
South-Eastern Asia (UN),,2000,0.8743004
South-Eastern Asia (UN),,2005,1.0706589
South-Eastern Asia (UN),,2010,1.4189817
South-Eastern Asia (UN),,2015,1.4993638
South-Eastern Asia (UN),,2020,1.5173945
South-Eastern Asia (UN),,2024,1.5866506
Southern Africa (UN),,1990,3.2906234
Southern Africa (UN),,1995,2.3821054
Southern Africa (UN),,2000,2.324786
Southern Africa (UN),,2005,3.0988617
Southern Africa (UN),,2010,4.215473
Southern Africa (UN),,2015,5.280893
Southern Africa (UN),,2020,4.2029853
Southern Africa (UN),,2024,3.981263
Southern Asia (UN),,1990,1.5964893
Southern Asia (UN),,1995,1.1386266
Southern Asia (UN),,2000,1.0097942
Southern Asia (UN),,2005,0.8425279
Southern Asia (UN),,2010,0.82513136
Southern Asia (UN),,2015,0.7433693
Southern Asia (UN),,2020,0.70151615
Southern Asia (UN),,2024,0.7974363
Southern Europe (UN),,1990,3.8023129
Southern Europe (UN),,1995,5.0112605
Southern Europe (UN),,2000,5.8923817
Southern Europe (UN),,2005,7.9277687
Southern Europe (UN),,2010,9.864194
Southern Europe (UN),,2015,10.118648
Southern Europe (UN),,2020,11.602308
Southern Europe (UN),,2024,13.302118
Spain,ESP,1990,2.0815873
Spain,ESP,1995,3.1412983
Spain,ESP,2000,4.9339275
Spain,ESP,2005,9.946678
Spain,ESP,2010,13.409757
Spain,ESP,2015,12.622926
Spain,ESP,2020,14.987849
Spain,ESP,2024,18.514776
Sri Lanka,LKA,1990,0.2541575
Sri Lanka,LKA,1995,0.23252586
Sri Lanka,LKA,2000,0.20801269
Sri Lanka,LKA,2005,0.19551334
Sri Lanka,LKA,2010,0.18659338
Sri Lanka,LKA,2015,0.1827246
Sri Lanka,LKA,2020,0.17841657
Sri Lanka,LKA,2024,0.17615463
Sub-Saharan Africa (UN),,1990,2.7569234
Sub-Saharan Africa (UN),,1995,2.5432017
Sub-Saharan Africa (UN),,2000,2.0637906
Sub-Saharan Africa (UN),,2005,1.9791932
Sub-Saharan Africa (UN),,2010,1.8329773
Sub-Saharan Africa (UN),,2015,2.065954
Sub-Saharan Africa (UN),,2020,1.960024
Sub-Saharan Africa (UN),,2024,1.9554477
Sudan,SDN,1990,6.3705797
Sudan,SDN,1995,4.2695765
Sudan,SDN,2000,2.8942494
Sudan,SDN,2005,1.7478448
Sudan,SDN,2010,1.7470549
Sudan,SDN,2015,1.5503606
Sudan,SDN,2020,2.9475737
Sudan,SDN,2024,4.7515607
Suriname,SUR,1990,4.383832
Suriname,SUR,1995,5.195458
Suriname,SUR,2000,5.770776
Suriname,SUR,2005,6.482025
Suriname,SUR,2010,7.2215567
Suriname,SUR,2015,7.41489
Suriname,SUR,2020,7.806577
Suriname,SUR,2024,8.180874
Sweden,SWE,1990,9.163718
Sweden,SWE,1995,10.704392
Sweden,SWE,2000,11.521014
Sweden,SWE,2005,12.480616
Sweden,SWE,2010,14.630412
Sweden,SWE,2015,16.717161
Sweden,SWE,2020,19.644232
Sweden,SWE,2024,21.421309
Switzerland,CHE,1990,18.654667
Switzerland,CHE,1995,19.367807
Switzerland,CHE,2000,20.66415
Switzerland,CHE,2005,23.417027
Switzerland,CHE,2010,26.246075
Switzerland,CHE,2015,28.799276
Switzerland,CHE,2020,30.208487
Switzerland,CHE,2024,31.089956
Syria,SYR,1990,5.677146
Syria,SYR,1995,5.6825705
Syria,SYR,2000,5.018161
Syria,SYR,2005,4.690091
Syria,SYR,2010,7.933287
Syria,SYR,2015,4.302355
Syria,SYR,2020,4.127005
Syria,SYR,2024,3.6317055
Taiwan,TWN,1990,0.322303
Taiwan,TWN,1995,1.1455202
Taiwan,TWN,2000,2.016606
Taiwan,TWN,2005,2.4024913
Taiwan,TWN,2010,2.530334
Taiwan,TWN,2015,3.6819017
Taiwan,TWN,2020,4.459158
Taiwan,TWN,2024,4.8954377
Tajikistan,TJK,1990,7.944405
Tajikistan,TJK,1995,5.855965
Tajikistan,TJK,2000,4.765499
Tajikistan,TJK,2005,4.0502143
Tajikistan,TJK,2010,3.6565976
Tajikistan,TJK,2015,3.1826248
Tajikistan,TJK,2020,2.8312876
Tajikistan,TJK,2024,2.6133406
Tanzania,TZA,1990,2.1984696
Tanzania,TZA,1995,3.6402755
Tanzania,TZA,2000,2.7717342
Tanzania,TZA,2005,1.968127
Tanzania,TZA,2010,0.6922642
Tanzania,TZA,2015,0.73925394
Tanzania,TZA,2020,0.6987001
Tanzania,TZA,2024,0.6744019
Thailand,THA,1990,0.5260171
Thailand,THA,1995,0.45951965
Thailand,THA,2000,1.2240291
Thailand,THA,2005,2.5839317
Thailand,THA,2010,3.8502119
Thailand,THA,2015,4.04482
Thailand,THA,2020,4.208465
Thailand,THA,2024,4.4362874
Togo,TGO,1990,2.1217573
Togo,TGO,1995,2.3030348
Togo,TGO,2000,2.6841831
Togo,TGO,2005,3.49413
Togo,TGO,2010,3.795924
Togo,TGO,2015,3.6196914
Togo,TGO,2020,3.2288933
Togo,TGO,2024,2.963605
Tokelau,TKL,1990,20.373514
Tokelau,TKL,1995,28.571428
Tokelau,TKL,2000,38.590786
Tokelau,TKL,2005,61.496014
Tokelau,TKL,2010,71.16719
Tokelau,TKL,2015,69.78799
Tokelau,TKL,2020,58.176693
Tokelau,TKL,2024,51.157223
Tonga,TON,1990,2.9197593
Tonga,TON,1995,3.26665
Tonga,TON,2000,3.5879505
Tonga,TON,2005,4.07018
Tonga,TON,2010,4.289572
Tonga,TON,2015,3.7268486
Tonga,TON,2020,3.540074
Tonga,TON,2024,3.437485
Trinidad and Tobago,TTO,1990,4.046133
Trinidad and Tobago,TTO,1995,3.5511968
Trinidad and Tobago,TTO,2000,3.1636477
Trinidad and Tobago,TTO,2005,3.3144138
Trinidad and Tobago,TTO,2010,3.4778683
Trinidad and Tobago,TTO,2015,3.4999595
Trinidad and Tobago,TTO,2020,5.3239517
Trinidad and Tobago,TTO,2024,7.5261545
Tunisia,TUN,1990,0.45629117
Tunisia,TUN,1995,0.41333842
Tunisia,TUN,2000,0.37602913
Tunisia,TUN,2005,0.34167126
Tunisia,TUN,2010,0.4010039
Tunisia,TUN,2015,0.49579626
Tunisia,TUN,2020,0.50229424
Tunisia,TUN,2024,0.5147873
Turkey,TUR,1990,2.0698063
Turkey,TUR,1995,2.0006685
Turkey,TUR,2000,1.9549105
Turkey,TUR,2005,1.9402807
Turkey,TUR,2010,1.9365993
Turkey,TUR,2015,4.687894
Turkey,TUR,2020,7.643357
Turkey,TUR,2024,8.097854
Turkmenistan,TKM,1990,8.150377
Turkmenistan,TKM,1995,6.5271235
Turkmenistan,TKM,2000,4.7803283
Turkmenistan,TKM,2005,4.2169867
Turkmenistan,TKM,2010,3.5579858
Turkmenistan,TKM,2015,3.159319
Turkmenistan,TKM,2020,2.8046398
Turkmenistan,TKM,2024,2.5854032
Turks and Caicos Islands,TCA,1990,43.309376
Turks and Caicos Islands,TCA,1995,46.76455
Turks and Caicos Islands,TCA,2000,48.13134
Turks and Caicos Islands,TCA,2005,54.67317
Turks and Caicos Islands,TCA,2010,57.890312
Turks and Caicos Islands,TCA,2015,62.076218
Turks and Caicos Islands,TCA,2020,58.00928
Turks and Caicos Islands,TCA,2024,61.147522
Tuvalu,TUV,1990,3.6144578
Tuvalu,TUV,1995,2.8340516
Tuvalu,TUV,2000,2.2841575
Tuvalu,TUV,2005,2.1026156
Tuvalu,TUV,2010,2.072734
Tuvalu,TUV,2015,2.097966
Tuvalu,TUV,2020,2.298298
Tuvalu,TUV,2024,2.5502799
Uganda,UGA,1990,3.1905138
Uganda,UGA,1995,3.2237575
Uganda,UGA,2000,2.601217
Uganda,UGA,2005,2.280118
Uganda,UGA,2010,1.5901273
Uganda,UGA,2015,2.19331
Uganda,UGA,2020,3.9949434
Uganda,UGA,2024,4.114276
Ukraine,UKR,1990,13.24184
Ukraine,UKR,1995,11.946721
Ukraine,UKR,2000,11.153066
Ukraine,UKR,2005,10.613099
Ukraine,UKR,2010,10.372754
Ukraine,UKR,2015,10.7352915
Ukraine,UKR,2020,11.184837
Ukraine,UKR,2024,13.375973
United Arab Emirates,ARE,1990,68.60627
United Arab Emirates,ARE,1995,73.74798
United Arab Emirates,ARE,2000,67.94121
United Arab Emirates,ARE,2005,69.000534
United Arab Emirates,ARE,2010,78.491135
United Arab Emirates,ARE,2015,79.069626
United Arab Emirates,ARE,2020,76.03304
United Arab Emirates,ARE,2024,73.97211
United Kingdom,GBR,1990,6.388413
United Kingdom,GBR,1995,7.1757874
United Kingdom,GBR,2000,8.039478
United Kingdom,GBR,2005,9.88511
United Kingdom,GBR,2010,12.242079
United Kingdom,GBR,2015,13.874485
United Kingdom,GBR,2020,15.620756
United Kingdom,GBR,2024,17.133047
United States,USA,1990,9.182553
United States,USA,1995,10.635759
United States,USA,2000,12.365475
United States,USA,2005,13.372878
United States,USA,2010,14.128083
United States,USA,2015,14.700733
United States,USA,2020,14.869079
United States,USA,2024,15.162426
United States Virgin Islands,VIR,1990,50.797592
United States Virgin Islands,VIR,1995,50.706264
United States Virgin Islands,VIR,2000,52.138073
United States Virgin Islands,VIR,2005,52.642975
United States Virgin Islands,VIR,2010,53.319035
United States Virgin Islands,VIR,2015,56.58068
United States Virgin Islands,VIR,2020,64.70749
United States Virgin Islands,VIR,2024,66.873566
Upper-middle-income countries,,1990,1.4227005
Upper-middle-income countries,,1995,1.2127064
Upper-middle-income countries,,2000,1.1112577
Upper-middle-income countries,,2005,1.112448
Upper-middle-income countries,,2010,1.1937051
Upper-middle-income countries,,2015,1.3342673
Upper-middle-income countries,,2020,1.5476726
Upper-middle-income countries,,2024,1.725009
Uruguay,URY,1990,3.1605432
Uruguay,URY,1995,2.9292917
Uruguay,URY,2000,2.7210164
Uruguay,URY,2005,2.5052567
Uruguay,URY,2010,2.2992666
Uruguay,URY,2015,2.339626
Uruguay,URY,2020,3.1852903
Uruguay,URY,2024,4.726409
Uzbekistan,UZB,1990,8.077223
Uzbekistan,UZB,1995,6.6000705
Uzbekistan,UZB,2000,5.674325
Uzbekistan,UZB,2005,5.0458446
Uzbekistan,UZB,2010,4.298493
Uzbekistan,UZB,2015,3.8077981
Uzbekistan,UZB,2020,3.4597573
Uzbekistan,UZB,2024,3.1763034
Vanuatu,VUT,1990,1.5587959
Vanuatu,VUT,1995,1.4724448
Vanuatu,VUT,2000,1.4096982
Vanuatu,VUT,2005,1.3285253
Vanuatu,VUT,2010,1.2554145
Vanuatu,VUT,2015,1.1972897
Vanuatu,VUT,2020,1.0898153
Vanuatu,VUT,2024,1.0113584
Vatican,VAT,1990,100
Vatican,VAT,1995,100
Vatican,VAT,2000,100
Vatican,VAT,2005,100
Vatican,VAT,2010,100
Vatican,VAT,2015,100
Vatican,VAT,2020,100
Vatican,VAT,2024,100
Venezuela,VEN,1990,5.1697607
Venezuela,VEN,1995,4.5958557
Venezuela,VEN,2000,4.1332006
Venezuela,VEN,2005,4.0188227
Venezuela,VEN,2010,4.676161
Venezuela,VEN,2015,4.5936065
Venezuela,VEN,2020,4.655426
Venezuela,VEN,2024,4.4473853
Vietnam,VNM,1990,0.13519672
Vietnam,VNM,1995,0.12265936
Vietnam,VNM,2000,0.11174144
Vietnam,VNM,2005,0.10112061
Vietnam,VNM,2010,0.09651575
Vietnam,VNM,2015,0.10922479
Vietnam,VNM,2020,0.20456837
Vietnam,VNM,2024,0.32322556
Wallis and Futuna,WLF,1990,10.400594
Wallis and Futuna,WLF,1995,12.000845
Wallis and Futuna,WLF,2000,13.6296
Wallis and Futuna,WLF,2005,14.996577
Wallis and Futuna,WLF,2010,16.03616
Wallis and Futuna,WLF,2015,16.858553
Wallis and Futuna,WLF,2020,17.561983
Wallis and Futuna,WLF,2024,18.018976
Western Africa (UN),,1990,2.4126897
Western Africa (UN),,1995,2.5252352
Western Africa (UN),,2000,2.1661692
Western Africa (UN),,2005,2.152126
Western Africa (UN),,2010,2.0010989
Western Africa (UN),,2015,1.9608272
Western Africa (UN),,2020,1.8609421
Western Africa (UN),,2024,1.8053272
Western Asia (UN),,1990,9.794943
Western Asia (UN),,1995,9.857643
Western Asia (UN),,2000,9.705416
Western Asia (UN),,2005,10.189527
Western Asia (UN),,2010,12.785166
Western Asia (UN),,2015,15.779156
Western Asia (UN),,2020,15.910281
Western Asia (UN),,2024,15.908046
Western Europe (UN),,1990,9.641711
Western Europe (UN),,1995,11.172125
Western Europe (UN),,2000,11.883732
Western Europe (UN),,2005,12.919403
Western Europe (UN),,2010,13.751713
Western Europe (UN),,2015,14.868627
Western Europe (UN),,2020,16.674917
Western Europe (UN),,2024,18.383818
Western Sahara,ESH,1990,1.4971261
Western Sahara,ESH,1995,1.4238486
Western Sahara,ESH,2000,1.2094446
Western Sahara,ESH,2005,1.1488076
Western Sahara,ESH,2010,1.0966133
Western Sahara,ESH,2015,1.0651513
Western Sahara,ESH,2020,0.98732173
Western Sahara,ESH,2024,0.9530809
World,OWID_WRL,1990,2.8889122
World,OWID_WRL,1995,2.8335404
World,OWID_WRL,2000,2.8283446
World,OWID_WRL,2005,2.9266183
World,OWID_WRL,2010,3.14743
World,OWID_WRL,2015,3.3468308
World,OWID_WRL,2020,3.4901335
World,OWID_WRL,2024,3.7246547
Yemen,YEM,1990,0.85587686
Yemen,YEM,1995,0.81549895
Yemen,YEM,2000,0.7385801
Yemen,YEM,2005,0.7541481
Yemen,YEM,2010,1.0779316
Yemen,YEM,2015,1.2191578
Yemen,YEM,2020,1.0713006
Yemen,YEM,2024,0.9683745
Zambia,ZMB,1990,3.5892234
Zambia,ZMB,1995,2.7810676
Zambia,ZMB,2000,3.430981
Zambia,ZMB,2005,2.1580245
Zambia,ZMB,2010,1.073796
Zambia,ZMB,2015,0.80557525
Zambia,ZMB,2020,0.9861541
Zambia,ZMB,2024,1.1691556
Zimbabwe,ZWE,1990,6.260268
Zimbabwe,ZWE,1995,3.9293098
Zimbabwe,ZWE,2000,3.4485965
Zimbabwe,ZWE,2005,3.2220786
Zimbabwe,ZWE,2010,2.9821103
Zimbabwe,ZWE,2015,2.7813156
Zimbabwe,ZWE,2020,2.6801314
Zimbabwe,ZWE,2024,2.5796463