"ISO";"COUNTRY";"YEAR";"GINI INDEX";"S80S20"
"ABW";"Aruba";"2015";"47.011";"8.612"
"ABW";"Aruba";"2016";"47.18";"8.612"
"ABW";"Aruba";"2017";"47.384";"8.628"
"ABW";"Aruba";"2018";"47.9";"9.111"
"AFG";"Afghanistan";"2015";"44.311";"7.738"
"AFG";"Afghanistan";"2016";"44.718";"7.809"
"AFG";"Afghanistan";"2017";"45.125";"7.88"
"AFG";"Afghanistan";"2018";"45.125";"7.88"
"AGO";"Angola";"2015";"60.08";"23.693"
"AGO";"Angola";"2016";"60.665";"25.314"
"AGO";"Angola";"2017";"61.25";"27.157"
"AGO";"Angola";"2018";"61.835";"29.271"
"AIA";"Anguilla";"2015";"47.011";"8.612"
"AIA";"Anguilla";"2016";"47.18";"8.612"
"AIA";"Anguilla";"2017";"47.384";"8.628"
"AIA";"Anguilla";"2018";"47.9";"9.111"
"ALB";"Albania";"2015";"37.095";"6.638"
"ALB";"Albania";"2016";"37.817";"7.061"
"ALB";"Albania";"2017";"37.349";"6.842"
"ALB";"Albania";"2018";"36.351";"6.552"
"AND";"Andorra";"2015";"31.041";"4.141"
"AND";"Andorra";"2016";"31.078";"4.15"
"AND";"Andorra";"2017";"31.078";"4.15"
"AND";"Andorra";"2018";"31.078";"4.15"
"ARE";"United Arab Emirates";"2015";"32.585";"5.702"
"ARE";"United Arab Emirates";"2016";"30.929";"4.97"
"ARE";"United Arab Emirates";"2017";"29.273";"4.381"
"ARE";"United Arab Emirates";"2018";"27.617";"3.897"
"ARG";"Argentina";"2015";"39.176";"6.244"
"ARG";"Argentina";"2016";"39.293";"6.301"
"ARG";"Argentina";"2017";"38.78";"6.21"
"ARG";"Argentina";"2018";"39.497";"6.374"
"ARM";"Armenia";"2015";"34.752";"5.192"
"ARM";"Armenia";"2016";"34.8";"5.422"
"ARM";"Armenia";"2017";"35.652";"5.213"
"ARM";"Armenia";"2018";"36.209";"5.367"
"ATG";"Antigua and Barbuda";"2015";"47.011";"8.612"
"ATG";"Antigua and Barbuda";"2016";"47.18";"8.612"
"ATG";"Antigua and Barbuda";"2017";"47.384";"8.628"
"ATG";"Antigua and Barbuda";"2018";"47.9";"9.111"
"AUS";"Australia";"2015";"34.111";"4.86"
"AUS";"Australia";"2016";"33.751";"4.851"
"AUS";"Australia";"2017";"34.044";"4.895"
"AUS";"Australia";"2018";"34.337";"4.939"
"AUT";"Austria";"2015";"30.662";"4.21"
"AUT";"Austria";"2016";"30.722";"4.293"
"AUT";"Austria";"2017";"30.994";"4.413"
"AUT";"Austria";"2018";"29.982";"4.21"
"AZE";"Azerbaijan";"2015";"15.162";"1.969"
"AZE";"Azerbaijan";"2016";"16.511";"2.093"
"AZE";"Azerbaijan";"2017";"17.86";"2.228"
"AZE";"Azerbaijan";"2018";"19.21";"2.374"
"BDI";"Burundi";"2015";"53.377";"11.532"
"BDI";"Burundi";"2016";"53.377";"11.532"
"BDI";"Burundi";"2017";"53.377";"11.532"
"BDI";"Burundi";"2018";"53.377";"11.532"
"BEL";"Belgium";"2015";"27.903";"3.831"
"BEL";"Belgium";"2016";"27.814";"3.82"
"BEL";"Belgium";"2017";"27.677";"3.808"
"BEL";"Belgium";"2018";"27.29";"3.762"
"BEN";"Benin";"2015";"60.103";"37.098"
"BEN";"Benin";"2016";"58.325";"23.639"
"BEN";"Benin";"2017";"56.546";"17.276"
"BEN";"Benin";"2018";"54.768";"13.568"
"BFA";"Burkina Faso";"2015";"64.54";"12.441"
"BFA";"Burkina Faso";"2016";"66.966";"15.36"
"BFA";"Burkina Faso";"2017";"69.392";"19.739"
"BFA";"Burkina Faso";"2018";"71.818";"27.042"
"BGD";"Bangladesh";"2015";"48.255";"9.295"
"BGD";"Bangladesh";"2016";"48.596";"9.644"
"BGD";"Bangladesh";"2017";"48.596";"9.644"
"BGD";"Bangladesh";"2018";"48.596";"9.644"
"BGR";"Bulgaria";"2015";"37.413";"6.088"
"BGR";"Bulgaria";"2016";"38.519";"7.024"
"BGR";"Bulgaria";"2017";"40.506";"6.911"
"BGR";"Bulgaria";"2018";"40.237";"6.43"
"BHR";"Bahrain";"2015";"37.2";"6.662"
"BHR";"Bahrain";"2016";"36.433";"6.272"
"BHR";"Bahrain";"2017";"35.61";"5.926"
"BHR";"Bahrain";"2018";"35.161";"5.618"
"BHS";"Bahamas, The";"2015";"50.056";"11.924"
"BHS";"Bahamas, The";"2016";"50.056";"11.924"
"BHS";"Bahamas, The";"2017";"50.056";"11.924"
"BHS";"Bahamas, The";"2018";"50.056";"11.924"
"BIH";"Bosnia and Herzegovina";"2015";"35.077";"5.856"
"BIH";"Bosnia and Herzegovina";"2016";"35.077";"5.856"
"BIH";"Bosnia and Herzegovina";"2017";"35.077";"5.856"
"BIH";"Bosnia and Herzegovina";"2018";"35.077";"5.856"
"BLR";"Belarus";"2015";"29.896";"4.225"
"BLR";"Belarus";"2016";"29.663";"4.157"
"BLR";"Belarus";"2017";"29.744";"4.134"
"BLR";"Belarus";"2018";"29.606";"4.095"
"BLZ";"Belize";"2015";"53.084";"13.515"
"BLZ";"Belize";"2016";"53.084";"13.515"
"BLZ";"Belize";"2017";"53.084";"13.515"
"BLZ";"Belize";"2018";"53.084";"13.515"
"BMU";"Bermuda";"2015";"40.706";"7.3"
"BMU";"Bermuda";"2016";"40.351";"7.098"
"BMU";"Bermuda";"2017";"40.3";"7.141"
"BMU";"Bermuda";"2018";"40.271";"7.192"
"BOL";"Bolivia";"2015";"45.207";"10.536"
"BOL";"Bolivia";"2016";"46.35";"12.536"
"BOL";"Bolivia";"2017";"45.989";"11.474"
"BOL";"Bolivia";"2018";"43.706";"10.116"
"BRA";"Brazil";"2015";"50.197";"12.616"
"BRA";"Brazil";"2016";"50.829";"13.889"
"BRA";"Brazil";"2017";"51.109";"14.947"
"BRA";"Brazil";"2018";"51.683";"14.96"
"BRB";"Barbados";"2015";"56.316";"18.38"
"BRB";"Barbados";"2016";"56.316";"18.38"
"BRB";"Barbados";"2017";"56.316";"18.38"
"BRB";"Barbados";"2018";"56.316";"18.38"
"BRN";"Brunei";"2015";"27.843";"3.733"
"BRN";"Brunei";"2016";"28.074";"3.76"
"BRN";"Brunei";"2017";"28.074";"3.76"
"BRN";"Brunei";"2018";"28.074";"3.76"
"BTN";"Bhutan";"2015";"50.769";"12.3"
"BTN";"Bhutan";"2016";"50.568";"12.288"
"BTN";"Bhutan";"2017";"50.366";"12.277"
"BTN";"Bhutan";"2018";"50.366";"12.277"
"BWA";"Botswana";"2015";"58.756";"16.303"
"BWA";"Botswana";"2016";"57.891";"15.503"
"BWA";"Botswana";"2017";"57.891";"15.503"
"BWA";"Botswana";"2018";"57.891";"15.503"
"CAF";"Central African Republic";"2015";"65.642";"39.982"
"CAF";"Central African Republic";"2016";"65.642";"39.982"
"CAF";"Central African Republic";"2017";"65.642";"39.982"
"CAF";"Central African Republic";"2018";"65.642";"39.982"
"CAN";"Canada";"2015";"33.747";"5.204"
"CAN";"Canada";"2016";"32.776";"4.853"
"CAN";"Canada";"2017";"33.327";"4.969"
"CAN";"Canada";"2018";"32.534";"4.782"
"CHE";"Switzerland";"2015";"32.983";"4.534"
"CHE";"Switzerland";"2016";"32.825";"4.538"
"CHE";"Switzerland";"2017";"33.471";"4.675"
"CHE";"Switzerland";"2018";"33.179";"4.652"
"CHL";"Chile";"2015";"47.541";"8.291"
"CHL";"Chile";"2016";"47.904";"8.382"
"CHL";"Chile";"2017";"48.268";"8.474"
"CHL";"Chile";"2018";"49.001";"9.181"
"CHN";"China";"2015";"42.5";"8.805"
"CHN";"China";"2016";"42.678";"9.03"
"CHN";"China";"2017";"43.094";"9.148"
"CHN";"China";"2018";"43.927";"9.155"
"CIV";"Cote d'Ivoire";"2015";"60.528";"23.861"
"CIV";"Cote d'Ivoire";"2016";"59.473";"20.108"
"CIV";"Cote d'Ivoire";"2017";"58.419";"17.332"
"CIV";"Cote d'Ivoire";"2018";"57.364";"15.195"
"CMR";"Cameroon";"2015";"59.44";"23.691"
"CMR";"Cameroon";"2016";"59.44";"23.691"
"CMR";"Cameroon";"2017";"59.44";"23.691"
"CMR";"Cameroon";"2018";"59.44";"23.691"
"COD";"Congo, Democratic Republic of the";"2015";"56.008";"16.309"
"COD";"Congo, Democratic Republic of the";"2016";"56.008";"16.309"
"COD";"Congo, Democratic Republic of the";"2017";"56.008";"16.309"
"COD";"Congo, Democratic Republic of the";"2018";"56.008";"16.309"
"COG";"Congo, Republic of the";"2015";"60.893";"26.186"
"COG";"Congo, Republic of the";"2016";"60.893";"26.186"
"COG";"Congo, Republic of the";"2017";"60.893";"26.186"
"COG";"Congo, Republic of the";"2018";"60.893";"26.186"
"COL";"Colombia";"2015";"50.672";"12.243"
"COL";"Colombia";"2016";"50.569";"11.934"
"COL";"Colombia";"2017";"49.641";"11.357"
"COL";"Colombia";"2018";"50.122";"11.669"
"COM";"Comoros";"2015";"58.488";"23.195"
"COM";"Comoros";"2016";"58.488";"23.195"
"COM";"Comoros";"2017";"58.488";"23.195"
"COM";"Comoros";"2018";"58.488";"23.195"
"CPV";"Cape Verde";"2015";"56.411";"15.974"
"CPV";"Cape Verde";"2016";"56.411";"15.974"
"CPV";"Cape Verde";"2017";"56.411";"15.974"
"CPV";"Cape Verde";"2018";"56.411";"15.974"
"CRI";"Costa Rica";"2015";"49.441";"11.405"
"CRI";"Costa Rica";"2016";"49.7";"11.118"
"CRI";"Costa Rica";"2017";"49.294";"10.862"
"CRI";"Costa Rica";"2018";"49.023";"11.06"
"CUB";"Cuba";"2015";"48.859";"8.568"
"CUB";"Cuba";"2016";"48.859";"8.568"
"CUB";"Cuba";"2017";"48.859";"8.568"
"CUB";"Cuba";"2018";"48.859";"8.568"
"CUW";"Curacao";"2015";"47.011";"8.612"
"CUW";"Curacao";"2016";"47.18";"8.612"
"CUW";"Curacao";"2017";"47.384";"8.628"
"CUW";"Curacao";"2018";"47.9";"9.111"
"CYM";"Cayman Islands";"2015";"47.011";"8.612"
"CYM";"Cayman Islands";"2016";"47.18";"8.612"
"CYM";"Cayman Islands";"2017";"47.384";"8.628"
"CYM";"Cayman Islands";"2018";"47.9";"9.111"
"CYP";"Cyprus";"2015";"35.49";"4.767"
"CYP";"Cyprus";"2016";"33.922";"4.518"
"CYP";"Cyprus";"2017";"32.873";"4.264"
"CYP";"Cyprus";"2018";"31.396";"4.136"
"CZE";"Czechia";"2015";"26.253";"3.356"
"CZE";"Czechia";"2016";"25.939";"3.293"
"CZE";"Czechia";"2017";"25.625";"3.232"
"CZE";"Czechia";"2018";"25.091";"3.155"
"DEU";"Germany";"2015";"30.931";"4.318"
"DEU";"Germany";"2016";"31.578";"4.34"
"DEU";"Germany";"2017";"31.633";"4.428"
"DEU";"Germany";"2018";"31.199";"4.325"
"DJI";"Djibouti";"2015";"44.654";"8.941"
"DJI";"Djibouti";"2016";"44.197";"8.711"
"DJI";"Djibouti";"2017";"43.741";"8.489"
"DJI";"Djibouti";"2018";"43.741";"8.489"
"DMA";"Dominica";"2015";"55.805";"16.894"
"DMA";"Dominica";"2016";"55.805";"16.894"
"DMA";"Dominica";"2017";"55.805";"16.894"
"DMA";"Dominica";"2018";"55.805";"16.894"
"DNK";"Denmark";"2015";"26.138";"3.31"
"DNK";"Denmark";"2016";"26.324";"3.337"
"DNK";"Denmark";"2017";"26.288";"3.371"
"DNK";"Denmark";"2018";"26.889";"3.475"
"DOM";"Dominican Republic";"2015";"45.773";"8.666"
"DOM";"Dominican Republic";"2016";"43.181";"7.365"
"DOM";"Dominican Republic";"2017";"43.053";"7.204"
"DOM";"Dominican Republic";"2018";"43.826";"7.211"
"DZA";"Algeria";"2015";"33.483";"4.613"
"DZA";"Algeria";"2016";"33.483";"4.613"
"DZA";"Algeria";"2017";"33.483";"4.613"
"DZA";"Algeria";"2018";"33.483";"4.613"
"ECU";"Ecuador";"2015";"46.024";"8.674"
"ECU";"Ecuador";"2016";"44.804";"8.379"
"ECU";"Ecuador";"2017";"44.2";"8.163"
"ECU";"Ecuador";"2018";"45.365";"8.454"
"EGY";"Egypt";"2015";"36.779";"4.492"
"EGY";"Egypt";"2016";"36.325";"4.446"
"EGY";"Egypt";"2017";"35.871";"4.401"
"EGY";"Egypt";"2018";"35.418";"4.356"
"ERI";"Eritrea";"2015";"54.561";"12.964"
"ERI";"Eritrea";"2016";"54.561";"12.964"
"ERI";"Eritrea";"2017";"54.561";"12.964"
"ERI";"Eritrea";"2018";"54.561";"12.964"
"ESP";"Spain";"2015";"36.289";"6.586"
"ESP";"Spain";"2016";"36.109";"6.507"
"ESP";"Spain";"2017";"35.929";"6.428"
"ESP";"Spain";"2018";"34.853";"5.885"
"EST";"Estonia";"2015";"33.793";"5.124"
"EST";"Estonia";"2016";"32.551";"4.834"
"EST";"Estonia";"2017";"31.309";"4.569"
"EST";"Estonia";"2018";"30.434";"4.352"
"ETH";"Ethiopia";"2015";"50.598";"9.949"
"ETH";"Ethiopia";"2016";"50.883";"10.239"
"ETH";"Ethiopia";"2017";"50.883";"10.239"
"ETH";"Ethiopia";"2018";"50.883";"10.239"
"FIN";"Finland";"2015";"27.181";"3.47"
"FIN";"Finland";"2016";"27.157";"3.449"
"FIN";"Finland";"2017";"27.132";"3.427"
"FIN";"Finland";"2018";"27.42";"3.472"
"FJI";"Fiji";"2015";"37.654";"5.812"
"FJI";"Fiji";"2016";"36.936";"5.666"
"FJI";"Fiji";"2017";"36.217";"5.526"
"FJI";"Fiji";"2018";"35.499";"5.39"
"FRA";"France";"2015";"32.82";"4.687"
"FRA";"France";"2016";"32.533";"4.66"
"FRA";"France";"2017";"32.468";"4.653"
"FRA";"France";"2018";"33.159";"4.717"
"FSM";"Micronesia, Federated States of";"2015";"41.386";"7.139"
"FSM";"Micronesia, Federated States of";"2016";"41.386";"7.139"
"FSM";"Micronesia, Federated States of";"2017";"41.386";"7.139"
"FSM";"Micronesia, Federated States of";"2018";"41.386";"7.139"
"GAB";"Gabon";"2015";"47.309";"9.182"
"GAB";"Gabon";"2016";"47.061";"9.134"
"GAB";"Gabon";"2017";"46.813";"9.087"
"GAB";"Gabon";"2018";"46.813";"9.087"
"GBR";"United Kingdom";"2015";"33.136";"4.709"
"GBR";"United Kingdom";"2016";"33.332";"4.755"
"GBR";"United Kingdom";"2017";"33.086";"4.742"
"GBR";"United Kingdom";"2018";"32.624";"4.727"
"GEO";"Georgia";"2015";"40.732";"7.092"
"GEO";"Georgia";"2016";"40.728";"7.382"
"GEO";"Georgia";"2017";"42.726";"8.843"
"GEO";"Georgia";"2018";"39.246";"7.182"
"GHA";"Ghana";"2015";"56.759";"19.125"
"GHA";"Ghana";"2016";"56.96";"20.214"
"GHA";"Ghana";"2017";"57.161";"21.436"
"GHA";"Ghana";"2018";"57.161";"21.436"
"GIN";"Guinea";"2015";"48.59";"8.889"
"GIN";"Guinea";"2016";"48.176";"8.662"
"GIN";"Guinea";"2017";"47.762";"8.445"
"GIN";"Guinea";"2018";"47.348";"8.237"
"GMB";"Gambia, The";"2015";"52.488";"10.895"
"GMB";"Gambia, The";"2016";"51.4";"10.12"
"GMB";"Gambia, The";"2017";"51.4";"10.12"
"GMB";"Gambia, The";"2018";"51.4";"10.12"
"GNB";"Guinea-Bissau";"2015";"55.683";"13.084"
"GNB";"Guinea-Bissau";"2016";"54.403";"11.934"
"GNB";"Guinea-Bissau";"2017";"53.123";"10.951"
"GNB";"Guinea-Bissau";"2018";"51.842";"10.102"
"GNQ";"Equatorial Guinea";"2015";"55.866";"24.43"
"GNQ";"Equatorial Guinea";"2016";"55.866";"24.43"
"GNQ";"Equatorial Guinea";"2017";"55.866";"24.43"
"GNQ";"Equatorial Guinea";"2018";"55.866";"24.43"
"GRC";"Greece";"2015";"35.045";"5.726"
"GRC";"Greece";"2016";"34.689";"5.617"
"GRC";"Greece";"2017";"34.332";"5.51"
"GRC";"Greece";"2018";"33.528";"5.055"
"GRD";"Grenada";"2015";"47.56";"9.151"
"GRD";"Grenada";"2016";"47.56";"9.151"
"GRD";"Grenada";"2017";"47.56";"9.151"
"GRD";"Grenada";"2018";"47.56";"9.151"
"GRL";"Greenland";"2015";"34.41";"5.164"
"GRL";"Greenland";"2016";"34.424";"5.148"
"GRL";"Greenland";"2017";"34.674";"5.218"
"GRL";"Greenland";"2018";"35.51";"5.674"
"GTM";"Guatemala";"2015";"47.915";"9.34"
"GTM";"Guatemala";"2016";"47.915";"9.34"
"GTM";"Guatemala";"2017";"47.915";"9.34"
"GTM";"Guatemala";"2018";"47.915";"9.34"
"GUY";"Guyana";"2015";"44.971";"9.623"
"GUY";"Guyana";"2016";"44.971";"9.623"
"GUY";"Guyana";"2017";"44.971";"9.623"
"GUY";"Guyana";"2018";"44.971";"9.623"
"HKG";"Hong Kong";"2015";"40.126";"6.039"
"HKG";"Hong Kong";"2016";"40.094";"6.033"
"HKG";"Hong Kong";"2017";"40.094";"6.033"
"HKG";"Hong Kong";"2018";"40.094";"6.033"
"HND";"Honduras";"2015";"46.592";"8.862"
"HND";"Honduras";"2016";"47.597";"10.087"
"HND";"Honduras";"2017";"47.614";"10.086"
"HND";"Honduras";"2018";"47.631";"10.085"
"HRV";"Croatia";"2015";"32.107";"4.886"
"HRV";"Croatia";"2016";"31.152";"4.739"
"HRV";"Croatia";"2017";"30.915";"4.692"
"HRV";"Croatia";"2018";"30.359";"4.583"
"HTI";"Haiti";"2015";"60.66";"23.241"
"HTI";"Haiti";"2016";"60.66";"23.241"
"HTI";"Haiti";"2017";"60.66";"23.241"
"HTI";"Haiti";"2018";"60.66";"23.241"
"HUN";"Hungary";"2015";"28.14";"3.683"
"HUN";"Hungary";"2016";"27.789";"3.6"
"HUN";"Hungary";"2017";"28.059";"3.633"
"HUN";"Hungary";"2018";"27.801";"3.496"
"IDN";"Indonesia";"2015";"41.011";"5.96"
"IDN";"Indonesia";"2016";"40.233";"5.945"
"IDN";"Indonesia";"2017";"39.908";"5.981"
"IDN";"Indonesia";"2018";"39.652";"5.875"
"IND";"India";"2015";"51.422";"11.589"
"IND";"India";"2016";"51.422";"11.589"
"IND";"India";"2017";"51.422";"11.589"
"IND";"India";"2018";"51.422";"11.589"
"IRL";"Ireland";"2015";"31.887";"4.465"
"IRL";"Ireland";"2016";"31.938";"4.345"
"IRL";"Ireland";"2017";"32.869";"4.529"
"IRL";"Ireland";"2018";"31.302";"4.13"
"IRN";"Iran";"2015";"41.676";"7.344"
"IRN";"Iran";"2016";"42.145";"7.399"
"IRN";"Iran";"2017";"42.537";"7.584"
"IRN";"Iran";"2018";"43.116";"7.871"
"IRQ";"Iraq";"2015";"40.781";"6.791"
"IRQ";"Iraq";"2016";"40.781";"6.791"
"IRQ";"Iraq";"2017";"40.781";"6.791"
"IRQ";"Iraq";"2018";"40.781";"6.791"
"ISL";"Iceland";"2015";"27.68";"3.388"
"ISL";"Iceland";"2016";"26.697";"3.342"
"ISL";"Iceland";"2017";"27.284";"3.439"
"ISL";"Iceland";"2018";"26.132";"3.262"
"ISR";"Israel";"2015";"39.872";"7.808"
"ISR";"Israel";"2016";"39.151";"7.594"
"ISR";"Israel";"2017";"38.315";"7.451"
"ISR";"Israel";"2018";"38.671";"7.311"
"ITA";"Italy";"2015";"36.176";"6.762"
"ITA";"Italy";"2016";"36.347";"6.944"
"ITA";"Italy";"2017";"36.015";"6.512"
"ITA";"Italy";"2018";"36.718";"6.72"
"JAM";"Jamaica";"2015";"47.739";"10.218"
"JAM";"Jamaica";"2016";"47.739";"10.218"
"JAM";"Jamaica";"2017";"47.739";"10.218"
"JAM";"Jamaica";"2018";"47.739";"10.218"
"JOR";"Jordan";"2015";"40.041";"6.39"
"JOR";"Jordan";"2016";"40.041";"6.39"
"JOR";"Jordan";"2017";"40.041";"6.39"
"JOR";"Jordan";"2018";"40.041";"6.39"
"JPN";"Japan";"2015";"32.886";"4.554"
"JPN";"Japan";"2016";"32.886";"4.554"
"JPN";"Japan";"2017";"32.886";"4.554"
"JPN";"Japan";"2018";"32.886";"4.554"
"KAZ";"Kazakhstan";"2015";"30.723";"4.212"
"KAZ";"Kazakhstan";"2016";"30.985";"4.297"
"KAZ";"Kazakhstan";"2017";"31.182";"4.291"
"KAZ";"Kazakhstan";"2018";"31.427";"4.306"
"KEN";"Kenya";"2015";"55.547";"14.311"
"KEN";"Kenya";"2016";"55.139";"13.854"
"KEN";"Kenya";"2017";"55.139";"13.854"
"KEN";"Kenya";"2018";"55.139";"13.854"
"KGZ";"Kyrgyzstan";"2015";"32.031";"4.436"
"KGZ";"Kyrgyzstan";"2016";"30.481";"4.165"
"KGZ";"Kyrgyzstan";"2017";"30.822";"4.211"
"KGZ";"Kyrgyzstan";"2018";"31.108";"4.242"
"KHM";"Cambodia";"2015";"34.572";"4.487"
"KHM";"Cambodia";"2016";"34.572";"4.487"
"KHM";"Cambodia";"2017";"34.572";"4.487"
"KHM";"Cambodia";"2018";"34.572";"4.487"
"KIR";"Kiribati";"2015";"34.831";"4.699"
"KIR";"Kiribati";"2016";"34.348";"4.582"
"KIR";"Kiribati";"2017";"33.864";"4.47"
"KIR";"Kiribati";"2018";"33.38";"4.362"
"KNA";"Saint Kitts and Nevis";"2015";"47.011";"8.612"
"KNA";"Saint Kitts and Nevis";"2016";"47.18";"8.612"
"KNA";"Saint Kitts and Nevis";"2017";"47.384";"8.628"
"KNA";"Saint Kitts and Nevis";"2018";"47.9";"9.111"
"KOR";"Korea, Republic of";"2015";"31.584";"4.739"
"KOR";"Korea, Republic of";"2016";"31.688";"4.713"
"KOR";"Korea, Republic of";"2017";"31.688";"4.713"
"KOR";"Korea, Republic of";"2018";"31.688";"4.713"
"KWT";"Kuwait";"2015";"40.623";"7.795"
"KWT";"Kuwait";"2016";"40.623";"7.795"
"KWT";"Kuwait";"2017";"40.623";"7.795"
"KWT";"Kuwait";"2018";"40.623";"7.795"
"LAO";"Laos";"2015";"39.073";"5.607"
"LAO";"Laos";"2016";"39.415";"5.682"
"LAO";"Laos";"2017";"39.757";"5.758"
"LAO";"Laos";"2018";"40.099";"5.836"
"LBN";"Lebanon";"2015";"35.83";"5.32"
"LBN";"Lebanon";"2016";"35.83";"5.32"
"LBN";"Lebanon";"2017";"35.83";"5.32"
"LBN";"Lebanon";"2018";"35.83";"5.32"
"LBR";"Liberia";"2015";"50.208";"9.846"
"LBR";"Liberia";"2016";"50.93";"10.471"
"LBR";"Liberia";"2017";"50.93";"10.471"
"LBR";"Liberia";"2018";"50.93";"10.471"
"LBY";"Libya";"2015";"40.018";"6.497"
"LBY";"Libya";"2016";"40.018";"6.497"
"LBY";"Libya";"2017";"40.024";"6.499"
"LBY";"Libya";"2018";"40.033";"6.502"
"LCA";"Saint Lucia";"2015";"50.59";"13.417"
"LCA";"Saint Lucia";"2016";"50.996";"13.9"
"LCA";"Saint Lucia";"2017";"50.996";"13.9"
"LCA";"Saint Lucia";"2018";"50.996";"13.9"
"LIE";"Liechtenstein";"2015";"32.572";"4.802"
"LIE";"Liechtenstein";"2016";"32.467";"4.753"
"LIE";"Liechtenstein";"2017";"32.29";"4.7"
"LIE";"Liechtenstein";"2018";"32.124";"4.643"
"LKA";"Sri Lanka";"2015";"46.625";"8.624"
"LKA";"Sri Lanka";"2016";"46.132";"8.466"
"LKA";"Sri Lanka";"2017";"46.132";"8.466"
"LKA";"Sri Lanka";"2018";"46.132";"8.466"
"LSO";"Lesotho";"2015";"60.484";"28.126"
"LSO";"Lesotho";"2016";"59.71";"25.857"
"LSO";"Lesotho";"2017";"58.936";"23.903"
"LSO";"Lesotho";"2018";"58.162";"22.202"
"LTU";"Lithuania";"2015";"37.174";"5.838"
"LTU";"Lithuania";"2016";"37.058";"5.985"
"LTU";"Lithuania";"2017";"37.833";"6.084"
"LTU";"Lithuania";"2018";"36.868";"5.725"
"LUX";"Luxembourg";"2015";"31.744";"4.485"
"LUX";"Luxembourg";"2016";"33.53";"4.918"
"LUX";"Luxembourg";"2017";"32.37";"4.732"
"LUX";"Luxembourg";"2018";"35.224";"5.562"
"LVA";"Latvia";"2015";"35.289";"5.654"
"LVA";"Latvia";"2016";"34.369";"5.183"
"LVA";"Latvia";"2017";"34.662";"5.426"
"LVA";"Latvia";"2018";"35.747";"5.528"
"MAC";"Macao";"2015";"33.057";"4.688"
"MAC";"Macao";"2016";"32.996";"4.671"
"MAC";"Macao";"2017";"33.036";"4.677"
"MAC";"Macao";"2018";"33.069";"4.683"
"MAR";"Morocco";"2015";"42.204";"7.035"
"MAR";"Morocco";"2016";"42.204";"7.035"
"MAR";"Morocco";"2017";"42.204";"7.035"
"MAR";"Morocco";"2018";"42.204";"7.035"
"MCO";"Monaco";"2015";"32.572";"4.802"
"MCO";"Monaco";"2016";"32.467";"4.753"
"MCO";"Monaco";"2017";"32.29";"4.7"
"MCO";"Monaco";"2018";"32.124";"4.643"
"MDA";"Moldova";"2015";"30.857";"4.299"
"MDA";"Moldova";"2016";"30.38";"4.147"
"MDA";"Moldova";"2017";"30.092";"4.16"
"MDA";"Moldova";"2018";"29.896";"4.066"
"MDG";"Madagascar";"2015";"56.355";"15.449"
"MDG";"Madagascar";"2016";"56.355";"15.449"
"MDG";"Madagascar";"2017";"56.355";"15.449"
"MDG";"Madagascar";"2018";"56.355";"15.449"
"MDV";"Maldives";"2015";"46.619";"9.24"
"MDV";"Maldives";"2016";"45.741";"8.687"
"MDV";"Maldives";"2017";"45.392";"8.477"
"MDV";"Maldives";"2018";"45.042";"8.276"
"MEX";"Mexico";"2015";"49.711";"9.353"
"MEX";"Mexico";"2016";"49.122";"9.009"
"MEX";"Mexico";"2017";"47.78";"8.658"
"MEX";"Mexico";"2018";"46.438";"8.333"
"MHL";"Marshall Islands";"2015";"37.623";"6.179"
"MHL";"Marshall Islands";"2016";"37.623";"6.179"
"MHL";"Marshall Islands";"2017";"37.623";"6.179"
"MHL";"Marshall Islands";"2018";"37.623";"6.179"
"MKD";"North Macedonia";"2015";"35.246";"6.347"
"MKD";"North Macedonia";"2016";"35.119";"6.326"
"MKD";"North Macedonia";"2017";"34.251";"6.157"
"MKD";"North Macedonia";"2018";"33.844";"6.046"
"MLI";"Mali";"2015";"37.229";"5.847"
"MLI";"Mali";"2016";"36.096";"5.623"
"MLI";"Mali";"2017";"36.761";"5.677"
"MLI";"Mali";"2018";"35.792";"5.772"
"MLT";"Malta";"2015";"29.103";"3.909"
"MLT";"Malta";"2016";"29.673";"3.971"
"MLT";"Malta";"2017";"29.105";"3.915"
"MLT";"Malta";"2018";"29.316";"3.959"
"MMR";"Myanmar";"2015";"39.726";"5.607"
"MMR";"Myanmar";"2016";"37.119";"5.026"
"MMR";"Myanmar";"2017";"34.513";"4.531"
"MMR";"Myanmar";"2018";"34.513";"4.531"
"MNE";"Montenegro";"2015";"37.11";"6.792"
"MNE";"Montenegro";"2016";"37.049";"6.59"
"MNE";"Montenegro";"2017";"37.319";"6.69"
"MNE";"Montenegro";"2018";"35.92";"6.847"
"MNG";"Mongolia";"2015";"35.598";"4.937"
"MNG";"Mongolia";"2016";"35.684";"4.946"
"MNG";"Mongolia";"2017";"35.867";"5.004"
"MNG";"Mongolia";"2018";"36.049";"5.063"
"MOZ";"Mozambique";"2015";"59.372";"17.177"
"MOZ";"Mozambique";"2016";"59.372";"17.177"
"MOZ";"Mozambique";"2017";"59.372";"17.177"
"MOZ";"Mozambique";"2018";"59.372";"17.177"
"MRT";"Mauritania";"2015";"49.318";"9.662"
"MRT";"Mauritania";"2016";"49.318";"9.662"
"MRT";"Mauritania";"2017";"49.318";"9.662"
"MRT";"Mauritania";"2018";"49.318";"9.662"
"MSR";"Montserrat";"2015";"47.011";"8.612"
"MSR";"Montserrat";"2016";"47.18";"8.612"
"MSR";"Montserrat";"2017";"47.384";"8.628"
"MSR";"Montserrat";"2018";"47.9";"9.111"
"MUS";"Mauritius";"2015";"48.618";"7.311"
"MUS";"Mauritius";"2016";"48.365";"7.247"
"MUS";"Mauritius";"2017";"48.112";"7.184"
"MUS";"Mauritius";"2018";"48.112";"7.184"
"MWI";"Malawi";"2015";"57.633";"14.016"
"MWI";"Malawi";"2016";"57.487";"13.513"
"MWI";"Malawi";"2017";"57.341";"13.042"
"MWI";"Malawi";"2018";"56.003";"12.415"
"MYS";"Malaysia";"2015";"41.132";"6.799"
"MYS";"Malaysia";"2016";"41.037";"6.8"
"MYS";"Malaysia";"2017";"40.943";"6.801"
"MYS";"Malaysia";"2018";"40.943";"6.801"
"NAM";"Namibia";"2015";"62.471";"21.867"
"NAM";"Namibia";"2016";"62.269";"22.618"
"NAM";"Namibia";"2017";"62.269";"22.618"
"NAM";"Namibia";"2018";"62.269";"22.618"
"NER";"Niger";"2015";"50.685";"9.484"
"NER";"Niger";"2016";"51.1";"9.577"
"NER";"Niger";"2017";"51.515";"9.672"
"NER";"Niger";"2018";"51.929";"9.767"
"NGA";"Nigeria";"2015";"35.833";"5.098"
"NGA";"Nigeria";"2016";"35.76";"5.083"
"NGA";"Nigeria";"2017";"35.687";"5.069"
"NGA";"Nigeria";"2018";"35.614";"5.054"
"NIC";"Nicaragua";"2015";"49.188";"10.52"
"NIC";"Nicaragua";"2016";"49.188";"10.52"
"NIC";"Nicaragua";"2017";"49.188";"10.52"
"NIC";"Nicaragua";"2018";"49.188";"10.52"
"NLD";"Netherlands";"2015";"28.65";"3.803"
"NLD";"Netherlands";"2016";"28.651";"3.781"
"NLD";"Netherlands";"2017";"28.557";"3.806"
"NLD";"Netherlands";"2018";"28.882";"3.799"
"NOR";"Norway";"2015";"27.408";"3.662"
"NOR";"Norway";"2016";"27.694";"3.704"
"NOR";"Norway";"2017";"27.57";"3.699"
"NOR";"Norway";"2018";"27.446";"3.693"
"NPL";"Nepal";"2015";"47.02";"8.881"
"NPL";"Nepal";"2016";"47.02";"8.881"
"NPL";"Nepal";"2017";"47.02";"8.881"
"NPL";"Nepal";"2018";"47.02";"8.881"
"NRU";"Nauru";"2015";"34.771";"4.832"
"NRU";"Nauru";"2016";"34.771";"4.832"
"NRU";"Nauru";"2017";"34.771";"4.832"
"NRU";"Nauru";"2018";"34.771";"4.832"
"NZL";"New Zealand";"2015";"35.562";"5.044"
"NZL";"New Zealand";"2016";"34.636";"4.865"
"NZL";"New Zealand";"2017";"34.978";"4.93"
"NZL";"New Zealand";"2018";"34.893";"4.984"
"OMN";"Oman";"2015";"39.97";"6.606"
"OMN";"Oman";"2016";"39.97";"6.606"
"OMN";"Oman";"2017";"39.97";"6.606"
"OMN";"Oman";"2018";"39.97";"6.606"
"PAK";"Pakistan";"2015";"45.156";"7.357"
"PAK";"Pakistan";"2016";"45.774";"7.498"
"PAK";"Pakistan";"2017";"45.386";"7.365"
"PAK";"Pakistan";"2018";"44.998";"7.236"
"PAN";"Panama";"2015";"50.033";"13.65"
"PAN";"Panama";"2016";"49.496";"13.049"
"PAN";"Panama";"2017";"50.596";"13.633"
"PAN";"Panama";"2018";"50.373";"13.697"
"PER";"Peru";"2015";"47.088";"12.528"
"PER";"Peru";"2016";"46.842";"12.105"
"PER";"Peru";"2017";"46.474";"11.668"
"PER";"Peru";"2018";"45.481";"10.739"
"PHL";"Philippines";"2015";"44.398";"7.357"
"PHL";"Philippines";"2016";"43.626";"7.066"
"PHL";"Philippines";"2017";"42.855";"6.792"
"PHL";"Philippines";"2018";"42.084";"6.535"
"PLW";"Palau";"2015";"41.95";"6.24"
"PLW";"Palau";"2016";"41.95";"6.24"
"PLW";"Palau";"2017";"41.95";"6.24"
"PLW";"Palau";"2018";"41.95";"6.24"
"PNG";"Papua New Guinea";"2015";"42.726";"7.734"
"PNG";"Papua New Guinea";"2016";"42.726";"7.734"
"PNG";"Papua New Guinea";"2017";"42.726";"7.734"
"PNG";"Papua New Guinea";"2018";"42.726";"7.734"
"POL";"Poland";"2015";"33.654";"5.098"
"POL";"Poland";"2016";"31.267";"4.398"
"POL";"Poland";"2017";"30.444";"4.089"
"POL";"Poland";"2018";"30.768";"4.228"
"PRI";"Puerto Rico";"2015";"52.3";"14.703"
"PRI";"Puerto Rico";"2016";"52.3";"14.703"
"PRI";"Puerto Rico";"2017";"52.3";"14.703"
"PRI";"Puerto Rico";"2018";"52.3";"14.703"
"PRK";"Korea, DPR";"2015";"0.0";"1.0"
"PRK";"Korea, DPR";"2016";"0.0";"1.0"
"PRK";"Korea, DPR";"2017";"0.0";"1.0"
"PRK";"Korea, DPR";"2018";"0.0";"1.0"
"PRT";"Portugal";"2015";"35.556";"5.614"
"PRT";"Portugal";"2016";"35.504";"5.476"
"PRT";"Portugal";"2017";"35.164";"5.268"
"PRT";"Portugal";"2018";"33.776";"4.847"
"PRY";"Paraguay";"2015";"50.117";"11.755"
"PRY";"Paraguay";"2016";"50.847";"11.469"
"PRY";"Paraguay";"2017";"51.111";"10.183"
"PRY";"Paraguay";"2018";"48.152";"10.162"
"PSE";"West Bank and Gaza";"2015";"44.252";"9.562"
"PSE";"West Bank and Gaza";"2016";"44.571";"9.846"
"PSE";"West Bank and Gaza";"2017";"44.891";"10.145"
"PSE";"West Bank and Gaza";"2018";"44.891";"10.145"
"QAT";"Qatar";"2015";"37.2";"6.662"
"QAT";"Qatar";"2016";"36.433";"6.272"
"QAT";"Qatar";"2017";"35.61";"5.926"
"QAT";"Qatar";"2018";"35.161";"5.618"
"ROU";"Romania";"2015";"39.264";"8.208"
"ROU";"Romania";"2016";"36.324";"7.437"
"ROU";"Romania";"2017";"34.704";"6.6"
"ROU";"Romania";"2018";"36.212";"7.107"
"RUS";"Russia";"2015";"36.021";"5.67"
"RUS";"Russia";"2016";"35.542";"5.662"
"RUS";"Russia";"2017";"35.795";"5.622"
"RUS";"Russia";"2018";"34.668";"5.327"
"RWA";"Rwanda";"2015";"57.617";"14.483"
"RWA";"Rwanda";"2016";"57.294";"14.401"
"RWA";"Rwanda";"2017";"56.97";"14.32"
"RWA";"Rwanda";"2018";"56.97";"14.32"
"SAU";"Saudi Arabia";"2015";"37.2";"6.662"
"SAU";"Saudi Arabia";"2016";"36.433";"6.272"
"SAU";"Saudi Arabia";"2017";"35.61";"5.926"
"SAU";"Saudi Arabia";"2018";"35.161";"5.618"
"SDN";"Sudan";"2015";"53.46";"10.447"
"SDN";"Sudan";"2016";"53.46";"10.447"
"SDN";"Sudan";"2017";"53.46";"10.447"
"SDN";"Sudan";"2018";"53.46";"10.447"
"SEN";"Senegal";"2015";"54.183";"12.599"
"SEN";"Senegal";"2016";"53.936";"12.157"
"SEN";"Senegal";"2017";"53.689";"11.743"
"SEN";"Senegal";"2018";"53.442";"11.355"
"SGP";"Singapore";"2015";"40.234";"8.006"
"SGP";"Singapore";"2016";"40.234";"8.006"
"SGP";"Singapore";"2017";"40.234";"8.006"
"SGP";"Singapore";"2018";"40.234";"8.006"
"SLB";"Solomon Islands";"2015";"39.199";"5.851"
"SLB";"Solomon Islands";"2016";"39.199";"5.851"
"SLB";"Solomon Islands";"2017";"39.199";"5.851"
"SLB";"Solomon Islands";"2018";"39.199";"5.851"
"SLE";"Sierra Leone";"2015";"50.72";"9.245"
"SLE";"Sierra Leone";"2016";"50.878";"9.256"
"SLE";"Sierra Leone";"2017";"51.037";"9.267"
"SLE";"Sierra Leone";"2018";"51.195";"9.278"
"SLV";"El Salvador";"2015";"42.493";"7.245"
"SLV";"El Salvador";"2016";"41.851";"7.368"
"SLV";"El Salvador";"2017";"39.868";"6.695"
"SLV";"El Salvador";"2018";"40.53";"7.01"
"SMR";"San Marino";"2015";"32.572";"4.802"
"SMR";"San Marino";"2016";"32.467";"4.753"
"SMR";"San Marino";"2017";"32.29";"4.7"
"SMR";"San Marino";"2018";"32.124";"4.643"
"SOM";"Somalia";"2015";"54.281";"16.23"
"SOM";"Somalia";"2016";"54.812";"16.976"
"SOM";"Somalia";"2017";"54.812";"16.976"
"SOM";"Somalia";"2018";"54.812";"16.976"
"SRB";"Serbia";"2015";"35.175";"6.043"
"SRB";"Serbia";"2016";"34.399";"5.788"
"SRB";"Serbia";"2017";"32.618";"5.652"
"SRB";"Serbia";"2018";"30.13";"5.017"
"SSD";"South Sudan";"2015";"59.011";"29.617"
"SSD";"South Sudan";"2016";"59.011";"29.617"
"SSD";"South Sudan";"2017";"59.011";"29.617"
"SSD";"South Sudan";"2018";"59.011";"29.617"
"STP";"Sao Tome and Principe";"2015";"53.088";"11.179"
"STP";"Sao Tome and Principe";"2016";"54.103";"11.967"
"STP";"Sao Tome and Principe";"2017";"55.118";"12.855"
"STP";"Sao Tome and Principe";"2018";"55.118";"12.855"
"SUR";"Suriname";"2015";"57.614";"44.837"
"SUR";"Suriname";"2016";"57.614";"44.837"
"SUR";"Suriname";"2017";"57.614";"44.837"
"SUR";"Suriname";"2018";"57.614";"44.837"
"SVK";"Slovakia";"2015";"26.031";"3.732"
"SVK";"Slovakia";"2016";"26.585";"3.746"
"SVK";"Slovakia";"2017";"24.519";"3.403"
"SVK";"Slovakia";"2018";"23.211";"3.238"
"SVN";"Slovenia";"2015";"26.457";"3.558"
"SVN";"Slovenia";"2016";"26.192";"3.48"
"SVN";"Slovenia";"2017";"25.563";"3.394"
"SVN";"Slovenia";"2018";"25.023";"3.278"
"SWE";"Sweden";"2015";"28.291";"3.855"
"SWE";"Sweden";"2016";"29.081";"3.966"
"SWE";"Sweden";"2017";"29.417";"4.004"
"SWE";"Sweden";"2018";"28.719";"3.924"
"SWZ";"Eswatini";"2015";"64.374";"33.453"
"SWZ";"Eswatini";"2016";"64.684";"34.226"
"SWZ";"Eswatini";"2017";"64.994";"35.029"
"SWZ";"Eswatini";"2018";"64.994";"35.029"
"SXM";"Sint Maarten (Dutch part)";"2015";"47.011";"8.612"
"SXM";"Sint Maarten (Dutch part)";"2016";"47.18";"8.612"
"SXM";"Sint Maarten (Dutch part)";"2017";"47.384";"8.628"
"SXM";"Sint Maarten (Dutch part)";"2018";"47.9";"9.111"
"SYC";"Seychelles";"2015";"41.389";"6.461"
"SYC";"Seychelles";"2016";"39.069";"6.029"
"SYC";"Seychelles";"2017";"36.75";"5.633"
"SYC";"Seychelles";"2018";"34.43";"5.269"
"SYR";"Syria";"2015";"35.316";"4.903"
"SYR";"Syria";"2016";"35.316";"4.903"
"SYR";"Syria";"2017";"35.316";"4.903"
"SYR";"Syria";"2018";"35.316";"4.903"
"TCA";"Turks and Caicos Islands";"2015";"47.011";"8.612"
"TCA";"Turks and Caicos Islands";"2016";"47.18";"8.612"
"TCA";"Turks and Caicos Islands";"2017";"47.384";"8.628"
"TCA";"Turks and Caicos Islands";"2018";"47.9";"9.111"
"TCD";"Chad";"2015";"54.712";"14.176"
"TCD";"Chad";"2016";"54.177";"13.204"
"TCD";"Chad";"2017";"53.641";"12.35"
"TCD";"Chad";"2018";"53.106";"11.593"
"TGO";"Togo";"2015";"56.68";"19.248"
"TGO";"Togo";"2016";"56.541";"18.017"
"TGO";"Togo";"2017";"56.402";"16.929"
"TGO";"Togo";"2018";"56.263";"15.962"
"THA";"Thailand";"2015";"37.831";"5.914"
"THA";"Thailand";"2016";"38.527";"6.173"
"THA";"Thailand";"2017";"38.245";"6.135"
"THA";"Thailand";"2018";"38.196";"6.166"
"TJK";"Tajikistan";"2015";"35.929";"5.809"
"TJK";"Tajikistan";"2016";"35.929";"5.809"
"TJK";"Tajikistan";"2017";"35.929";"5.809"
"TJK";"Tajikistan";"2018";"35.929";"5.809"
"TKM";"Turkmenistan";"2015";"40.964";"7.367"
"TKM";"Turkmenistan";"2016";"40.964";"7.367"
"TKM";"Turkmenistan";"2017";"40.964";"7.367"
"TKM";"Turkmenistan";"2018";"40.964";"7.367"
"TLS";"Timor-Leste";"2015";"33.026";"4.221"
"TLS";"Timor-Leste";"2016";"33.026";"4.221"
"TLS";"Timor-Leste";"2017";"33.026";"4.221"
"TLS";"Timor-Leste";"2018";"33.026";"4.221"
"TON";"Tonga";"2015";"39.101";"6.541"
"TON";"Tonga";"2016";"39.101";"6.541"
"TON";"Tonga";"2017";"39.101";"6.541"
"TON";"Tonga";"2018";"39.101";"6.541"
"TTO";"Trinidad and Tobago";"2015";"40.134";"7.064"
"TTO";"Trinidad and Tobago";"2016";"40.134";"7.064"
"TTO";"Trinidad and Tobago";"2017";"40.134";"7.064"
"TTO";"Trinidad and Tobago";"2018";"40.134";"7.064"
"TUN";"Tunisia";"2015";"39.852";"6.401"
"TUN";"Tunisia";"2016";"39.42";"6.205"
"TUN";"Tunisia";"2017";"39.42";"6.205"
"TUN";"Tunisia";"2018";"39.42";"6.205"
"TUR";"Turkiye";"2015";"43.526";"7.536"
"TUR";"Turkiye";"2016";"44.166";"7.536"
"TUR";"Turkiye";"2017";"44.363";"7.451"
"TUR";"Turkiye";"2018";"44.441";"7.395"
"TUV";"Tuvalu";"2015";"40.146";"6.822"
"TUV";"Tuvalu";"2016";"40.146";"6.822"
"TUV";"Tuvalu";"2017";"40.146";"6.822"
"TUV";"Tuvalu";"2018";"40.146";"6.822"
"TWN";"Taiwan";"2015";"31.829";"4.29"
"TWN";"Taiwan";"2016";"31.49";"4.214"
"TWN";"Taiwan";"2017";"31.49";"4.214"
"TWN";"Taiwan";"2018";"31.49";"4.214"
"TZA";"Tanzania";"2015";"53.898";"11.023"
"TZA";"Tanzania";"2016";"54.222";"11.244"
"TZA";"Tanzania";"2017";"54.546";"11.472"
"TZA";"Tanzania";"2018";"54.871";"11.709"
"UGA";"Uganda";"2015";"55.729";"13.466"
"UGA";"Uganda";"2016";"56.02";"13.639"
"UGA";"Uganda";"2017";"56.311";"13.815"
"UGA";"Uganda";"2018";"56.282";"13.863"
"UKR";"Ukraine";"2015";"29.447";"4.075"
"UKR";"Ukraine";"2016";"29.099";"4.02"
"UKR";"Ukraine";"2017";"29.952";"4.194"
"UKR";"Ukraine";"2018";"29.943";"4.167"
"URY";"Uruguay";"2015";"40.629";"6.955"
"URY";"Uruguay";"2016";"40.171";"6.703"
"URY";"Uruguay";"2017";"39.986";"6.552"
"URY";"Uruguay";"2018";"40.234";"6.611"
"USA";"United States";"2015";"41.487";"7.61"
"USA";"United States";"2016";"41.205";"7.446"
"USA";"United States";"2017";"41.088";"7.476"
"USA";"United States";"2018";"41.148";"7.581"
"UZB";"Uzbekistan";"2015";"36.85";"5.918"
"UZB";"Uzbekistan";"2016";"36.85";"5.918"
"UZB";"Uzbekistan";"2017";"36.85";"5.918"
"UZB";"Uzbekistan";"2018";"36.85";"5.918"
"VCT";"Saint Vincent and the Grenadines";"2015";"48.695";"10.426"
"VCT";"Saint Vincent and the Grenadines";"2016";"48.708";"10.559"
"VCT";"Saint Vincent and the Grenadines";"2017";"48.338";"10.568"
"VCT";"Saint Vincent and the Grenadines";"2018";"48.298";"10.477"
"VEN";"Venezuela";"2015";"37.448";"6.087"
"VEN";"Venezuela";"2016";"37.448";"6.087"
"VEN";"Venezuela";"2017";"37.448";"6.087"
"VEN";"Venezuela";"2018";"37.448";"6.087"
"VGB";"British Virgin Islands";"2015";"47.011";"8.612"
"VGB";"British Virgin Islands";"2016";"47.18";"8.612"
"VGB";"British Virgin Islands";"2017";"47.384";"8.628"
"VGB";"British Virgin Islands";"2018";"47.9";"9.111"
"VNM";"Vietnam";"2015";"35.662";"5.364"
"VNM";"Vietnam";"2016";"35.922";"5.446"
"VNM";"Vietnam";"2017";"36.165";"5.548"
"VNM";"Vietnam";"2018";"36.409";"5.654"
"VUT";"Vanuatu";"2015";"37.575";"5.581"
"VUT";"Vanuatu";"2016";"37.206";"5.504"
"VUT";"Vanuatu";"2017";"36.837";"5.429"
"VUT";"Vanuatu";"2018";"36.468";"5.355"
"WSM";"Samoa";"2015";"40.433";"6.037"
"WSM";"Samoa";"2016";"40.433";"6.037"
"WSM";"Samoa";"2017";"40.433";"6.037"
"WSM";"Samoa";"2018";"40.433";"6.037"
"XKX";"Kosovo";"2015";"40.708";"9.516"
"XKX";"Kosovo";"2016";"40.929";"9.746"
"XKX";"Kosovo";"2017";"41.733";"10.056"
"XKX";"Kosovo";"2018";"42.538";"10.379"
"YEM";"Yemen";"2015";"39.616";"6.226"
"YEM";"Yemen";"2016";"39.616";"6.226"
"YEM";"Yemen";"2017";"39.616";"6.226"
"YEM";"Yemen";"2018";"39.616";"6.226"
"ZAF";"South Africa";"2015";"67.274";"30.885"
"ZAF";"South Africa";"2016";"67.096";"31.326"
"ZAF";"South Africa";"2017";"66.918";"31.773"
"ZAF";"South Africa";"2018";"66.918";"31.773"
"ZMB";"Zambia";"2015";"66.506";"50.418"
"ZMB";"Zambia";"2016";"66.506";"50.418"
"ZMB";"Zambia";"2017";"66.506";"50.418"
"ZMB";"Zambia";"2018";"66.506";"50.418"
"ZWE";"Zimbabwe";"2015";"57.4";"15.002"
"ZWE";"Zimbabwe";"2016";"57.534";"14.962"
"ZWE";"Zimbabwe";"2017";"57.668";"14.923"
"ZWE";"Zimbabwe";"2018";"57.668";"14.923"